x_sample [mm],y_sample [mm],theta1 [rad],theta2 [rad],Fx [N],Fy [N]
-370.0,-120.0,0.9868396270390045,-0.7632840287852446,-0.11334014465213017,0.5120586017344443
-370.0,-110.0,0.9922566887554187,-0.7068837293467927,-0.09457676961946195,0.5113758252482682
-370.0,-100.0,1.0010922684932257,-0.6591036151201526,-0.07660166616775017,0.5102765767114189
-370.0,-90.0,1.0127199755501528,-0.6182913667844819,-0.059281104500349076,0.5088572989053205
-370.0,-80.0,1.0267233729819005,-0.5833889993086131,-0.04252961782294073,0.5071895420923371
-370.0,-70.0,1.0428061637986854,-0.5536796534085131,-0.026288890199195152,0.5053304802325848
-360.0,-150.0,0.9128124326846647,-0.7841380703326405,-0.1568285809326588,0.502050591278059
-360.0,-140.0,0.9119446358444767,-0.7116037959541336,-0.13663949905733186,0.5021749170332599
-360.0,-130.0,0.9155612440701866,-0.6503368176189196,-0.11742822289306239,0.5016578639552831
-360.0,-120.0,0.9226508416900203,-0.5975919212953404,-0.09897975079820091,0.5006525830672663
-360.0,-110.0,0.9325940235256449,-0.5517320299883381,-0.08116769716936133,0.49926125919825076
-360.0,-100.0,0.9449744747122404,-0.5116964287101697,-0.06391111222669905,0.49755941327036146
-360.0,-90.0,0.9594929415780702,-0.4767586370357413,-0.04715483761663134,0.49560712392917555
-360.0,-80.0,0.9759229613552214,-0.4464016089917855,-0.030859381215803724,0.49345485972982134
-360.0,-70.0,0.994086048399808,-0.42024745990216394,-0.014995215093127335,0.491146763731892
-360.0,-60.0,1.0138369082006804,-0.39801520269594337,0.0004606494228165872,0.4887226082371362
-360.0,-50.0,1.035054240327236,-0.37949403123429715,0.015526815174838901,0.48621900210761654
-350.0,-170.0,0.8491850991307972,-0.7658519946692808,-0.1832601088065964,0.4915950900082247
-350.0,-160.0,0.8453787158097157,-0.686024622512629,-0.16246797721454115,0.4921932104162098
-350.0,-150.0,0.8464375117732703,-0.6182913667844819,-0.14268809046398354,0.4920265326582928
-350.0,-140.0,0.8512251920895499,-0.5595464722462851,-0.1236856000750955,0.49127575996996187
-350.0,-130.0,0.8590585195416782,-0.5079645020644907,-0.10532538445447333,0.4900577143454814
-350.0,-120.0,0.8694843020013026,-0.4623731872239305,-0.08752256365367683,0.4884565496044536
-350.0,-110.0,0.8821798837556831,-0.4219738594552338,-0.07022044650189921,0.48653785967083174
-350.0,-100.0,0.8969025994849109,-0.3861994034939915,-0.05337930807005591,0.4843559119799841
-350.0,-90.0,0.9134616642651556,-0.35463504958273084,-0.036970110735303374,0.481957685810922
-350.0,-80.0,0.9317014808852595,-0.32697101804886985,-0.020970733756118954,0.47938526085574434
-350.0,-70.0,0.9514912452843407,-0.302972637878697,-0.005363585957601117,0.4766772828084798
-350.0,-60.0,0.9727182592302155,-0.2824606773505933,0.009865964089948392,0.47386987955827703
-350.0,-50.0,0.9952835465217662,-0.26529796690469354,0.024730644023206138,0.470997234860458
-350.0,-40.0,1.0190989684395193,-0.2513800836675508,0.03924199174140529,0.4680919419133035
-350.0,-30.0,1.0440853555182028,-0.2406287742898865,0.05341082954164249,0.46518521396071244
-340.0,-190.0,0.79440667722722,-0.7736211054078085,-0.21208482917320273,0.4804893601679162
-340.0,-180.0,0.7864850815296438,-0.68374373013835,-0.19050967152812268,0.4818257621321704
-340.0,-170.0,0.7841938975199003,-0.6078792565517099,-0.17005606315203095,0.4822146154828082
-340.0,-160.0,0.786092080309333,-0.5420523762281113,-0.15043180190169841,0.4818923873403773
-340.0,-150.0,0.7913527164087428,-0.48402110984942404,-0.1314763154880517,0.4810030961082125
-340.0,-140.0,0.7994450933746808,-0.4323830063489873,-0.11309217386181442,0.4796458695863118
-340.0,-130.0,0.8100008087018495,-0.3861994034939915,-0.09521631436239383,0.47789523274379064
-340.0,-120.0,0.8227483057673348,-0.34481193963216183,-0.07780596289996176,0.47581113074119
-340.0,-110.0,0.8374774072236071,-0.30774312734401343,-0.06083096611818885,0.47344439331470356
-340.0,-100.0,0.8540186192118355,-0.2746381606417203,-0.04426926514859531,0.4708399220151191
-340.0,-90.0,0.8722303768013173,-0.245228762314738,-0.028104051972044033,0.46803863330151785
-340.0,-80.0,0.8919908682304167,-0.21930963208283316,-0.012321895138062615,0.46507867173222067
-340.0,-70.0,0.9131926567309496,-0.19672250494784516,0.0030885391140991203,0.4619961698176087
-340.0,-60.0,0.9357390981506044,-0.17734502457322998,0.018137377533801697,0.4588257136824355
-340.0,-50.0,0.9595419615658294,-0.16108279169105,0.03283416248772403,0.4556006121305477
-340.0,-40.0,0.9845198859888931,-0.147863588746044,0.04718827910145315,0.45235303283546524
-340.0,-30.0,1.010597436649535,-0.1376331545825069,0.06120923257638401,0.4491140499332103
-340.0,-20.0,1.0377046026525805,-0.1303521084508441,0.07490680579681237,0.44591363563510666
-330.0,-200.0,0.7355706959693116,-0.7045356052256996,-0.22064374600448072,0.4707083357548602
-330.0,-190.0,0.7289258663418252,-0.6182913667844819,-0.19938990401382478,0.4719042976890101
-330.0,-180.0,0.7272259662386102,-0.5439806136963621,-0.1790704212148988,0.4722115884282371
-330.0,-170.0,0.7293678919025623,-0.4785698058358836,-0.15947306476379933,0.47182448178834585
-330.0,-160.0,0.7346809740879836,-0.42024745990216394,-0.14047540008071996,0.47086798783965095
-330.0,-150.0,0.7427181489088555,-0.3678381561436117,-0.12200126903181895,0.4694312413491733
-330.0,-140.0,0.7531604816383846,-0.3205352441103635,-0.10400091986078915,0.46758294308936216
-330.0,-130.0,0.7657677795566826,-0.27776284879353463,-0.08644070156990973,0.4653794205936721
-330.0,-120.0,0.7803506965627554,-0.23909798063443333,-0.06929719109503134,0.46286920323817043
-330.0,-110.0,0.7967539184245243,-0.20422348033017945,-0.05255359090386471,0.4600957727290148
-330.0,-100.0,0.8148455259592144,-0.17289802083518424,-0.03619738482450627,0.4570992773259072
-330.0,-90.0,0.8345100304779747,-0.14493612770834385,-0.02021873948073872,0.4539176165052531
-330.0,-80.0,0.855643714386014,-0.1201943814324502,-0.00460937566962474,0.45058712104978804
-330.0,-70.0,0.8781514893576552,-0.09856159905625006,0.01063824555586737,0.4471429611785174
-330.0,-60.0,0.9019447963074665,-0.07995167601273145,0.025531512781941417,0.443619365960353
-330.0,-50.0,0.9269402468288277,-0.06429827076637062,0.04007808483605527,0.4400497098236449
-330.0,-40.0,0.9530588082012486,-0.05155081214152579,0.05428617635792986,0.4364665062252037
-330.0,-30.0,0.9802253958151668,-0.041671491726761545,0.06816473091762436,0.43290133917432955
-330.0,-20.0,1.0083687753063306,-0.034633019554956235,0.08172349772317115,0.4293847574377681
-330.0,-10.0,1.037421701613269,-0.030416996989356182,0.09497302447352844,0.4259461522567736
-320.0,-220.0,0.6938369822660562,-0.750600533962937,-0.25290236486105633,0.45835618665802386
-320.0,-210.0,0.6813437549364578,-0.6503368176189196,-0.23064770741802745,0.46070775450691953
-320.0,-200.0,0.6750926268103048,-0.5654498953559277,-0.20953063552890208,0.46189491529443627
-320.0,-190.0,0.6734262081453863,-0.4913318215555609,-0.18923410249079806,0.46221256414608874
-320.0,-180.0,0.6754177114820457,-0.425433847214983,-0.16958854482528468,0.4618330060357774
-320.0,-170.0,0.6804844851529754,-0.3661809982799218,-0.15049371693163408,0.46087052538006945
-320.0,-160.0,0.6882294462972114,-0.312527966723692,-0.13188673756661126,0.45940819371669456
-320.0,-150.0,0.6983647969317466,-0.2637461281070643,-0.11372672942376907,0.45751090808260825
-320.0,-140.0,0.7106710938289265,-0.21930963208283316,-0.09598654257931437,0.45523245012154995
-320.0,-130.0,0.7249734664230192,-0.1788293760487738,-0.0786478872061787,0.4526196083224901
-320.0,-120.0,0.7411269453673572,-0.14201226961429558,-0.06169826081611689,0.44971471469395624
-320.0,-110.0,0.7590069957965837,-0.10863480693266414,-0.045128890467166914,0.4465572564019115
-320.0,-100.0,0.7785032103905052,-0.0785251915825258,-0.02893328620283964,0.44318491056161263
-320.0,-90.0,0.7995150256616923,-0.05155081214152579,-0.013106185492488692,0.43963419783023755
-320.0,-80.0,0.8219487972999859,-0.027609198843197902,0.0023572359742271374,0.43594087149355687
-320.0,-70.0,0.8457158288055706,-0.00662132594054432,0.01746195946601341,0.4321401161331904
-320.0,-60.0,0.8707310946510356,0.011473451733707396,0.03221356708314832,0.4282666063280903
-320.0,-50.0,0.8969124853800121,0.026721284901082942,0.04661856008794629,0.42435446251374176
-320.0,-40.0,0.9241804537000231,0.039156837288935264,0.06068456791591496,0.42043713348948936
-320.0,-30.0,0.9524579721904538,0.04880561173459119,0.07442045908361115,0.41654723053908854
-320.0,-20.0,0.9816707330251551,0.0556857258351271,0.08783636301905899,0.4127163351886912
-320.0,-10.0,1.0117475330974743,0.0598092235131773,0.10094361136083183,0.40897480035502604
-320.0,0.0,1.042620797251284,0.06118297840158915,0.11375460772561496,0.40535156250000015
-310.0,-230.0,0.6429122907389395,-0.7068837293467927,-0.26389875727776063,0.44811543814875826
-310.0,-220.0,0.6306501149803445,-0.6078792565517099,-0.24180587418878938,0.4505329279950528
-310.0,-210.0,0.624224480429521,-0.5229735494781975,-0.22072103979181715,0.45180994078618847
-310.0,-200.0,0.6221980179025737,-0.44816553071781073,-0.20038061834709225,0.45221411719542437
-310.0,-190.0,0.62374124398342,-0.3811672661105492,-0.18063978749605433,0.4519062592766119
-310.0,-180.0,0.62832286164647,-0.3205352441103635,-0.16141201845665684,0.4509946344445218
-310.0,-170.0,0.63557654693681,-0.26529796690469354,-0.14264314386516014,0.4495585985255573
-310.0,-160.0,0.6452347816831185,-0.21477174793401899,-0.1242984861385279,0.4476604587672116
-310.0,-150.0,0.6570924922682617,-0.16845998216426183,-0.10635574882598713,0.4453520570196836
-310.0,-140.0,0.6709855071646724,-0.12599376435622833,-0.08880074515054184,0.4426786957384652
-310.0,-130.0,0.686777038470884,-0.08709475483559537,-0.07162464311735865,0.43968160127336586
-310.0,-120.0,0.7043488191077256,-0.05155081214152579,-0.054822076754671885,0.43639951867561094
-310.0,-110.0,0.723595105904975,-0.019199341224041877,-0.03838978182760914,0.43286975483536455
-310.0,-100.0,0.7444185432973334,0.010084491625084624,-0.02232556825095449,0.4291288489513051
-310.0,-90.0,0.7667272963412493,0.0363963596106327,-0.0066275231494446135,0.42521297715016143
-310.0,-80.0,0.7904330907496826,0.0598092235131773,0.008706615883854425,0.4211581589377689
-310.0,-70.0,0.8154499287923063,0.08037827832665068,0.023679951492564782,0.4170003116273534
-310.0,-60.0,0.841693326752377,0.098144818962981,0.03829680011415229,0.41277518711886824
-310.0,-50.0,0.8690799651311485,0.11313930060218524,0.05256295869648841,0.4085182191445949
-310.0,-40.0,0.8975276697187415,0.1253837756503926,0.06648587059490972,0.4042643058832141
-310.0,-30.0,0.9269556575034614,0.13489382743751444,0.08007469523706448,0.400047551151974
-310.0,-20.0,0.957284990811238,0.14168007931874627,0.09334028659055894,0.395900986231649
-310.0,-10.0,0.9884391890664292,0.1457493298117183,0.1062950870623714,0.3918562931310443
-310.0,0.0,1.0203449521591592,0.14710534541045295,0.11895294559122228,0.3879435483870968
-300.0,-240.0,0.5955797709922845,-0.674690000870365,-0.275985693766244,0.43758644498700483
-300.0,-230.0,0.5829090125878711,-0.5753727461754508,-0.25394422275144074,0.4401844292238956
-300.0,-220.0,0.5758886057233545,-0.4894995471168522,-0.2328273394608022,0.4416349510620784
-300.0,-210.0,0.5731911840859958,-0.41336547494445597,-0.2124009163715557,0.4421943585399111
-300.0,-200.0,0.5740383166738119,-0.34481193963216183,-0.1925346731470251,0.44201855123531664
-300.0,-190.0,0.5779271395304537,-0.2824606773505933,-0.17315060220861583,0.4412129519345435
-300.0,-180.0,0.584509554630908,-0.22537659575566993,-0.1542002781124626,0.43985483313252255
-300.0,-170.0,0.5935310836114231,-0.17289802083518424,-0.13565338753447345,0.4380047470637984
-300.0,-160.0,0.6047967649445489,-0.1245426695112446,-0.11749130307542197,0.43571297169310824
-300.0,-150.0,0.6181506870991385,-0.07995167601273145,-0.09970317019823519,0.4330234149008824
-300.0,-140.0,0.6334629839321058,-0.03885431650268689,-0.08228334630377585,0.429976105058238
-300.0,-130.0,0.6506211964507722,-0.0010447098027350776,-0.06522961288220681,0.4266088344177104
-300.0,-120.0,0.6695243426195021,0.033634200183279006,-0.048541853745189316,0.4229582585019245
-300.0,-110.0,0.690078759482367,0.06530205050843829,-0.03222102985449595,0.41906062238668496
-300.0,-100.0,0.7121951669601412,0.09404944236534218,-0.01626835544167608,0.4149522148527748
-300.0,-90.0,0.7357866174196768,0.11994428166677684,-0.000684622315828733,0.41066961330525137
-300.0,-80.0,0.7607671187636948,0.14303669935072572,0.014530355814658065,0.4062497615505755
-300.0,-70.0,0.7870507911948068,0.16336295473225526,0.029378192275332737,0.40172991153091114
-300.0,-60.0,0.8145514601110375,0.18094858650305978,0.04386227426534981,0.39714745485306996
-300.0,-50.0,0.8431826116405192,0.19581098546884323,0.05798800789726107,0.3925396679828768
-300.0,-40.0,0.8728576501765275,0.20796150267748592,0.07176296043138067,0.3879433947241842
-300.0,-30.0,0.903490403426527,0.21740716566040863,0.08519689963651951,0.38339468996365206
-300.0,-20.0,0.9349958230027751,0.22415204774079323,0.09830173271147934,0.3789284488474321
-300.0,-10.0,0.9672908296481726,0.22819831679557412,0.11109135064395108,0.3745780450214652
-300.0,0.0,1.0002952533959704,0.22954697787463685,0.12358138765607028,0.37037500000000023
-290.0,-260.0,0.5730922348794287,-0.7736211054078085,-0.31238530264486236,0.42221490107702003
-290.0,-250.0,0.5513764862507391,-0.6525193137905719,-0.28900810129047627,0.42676025750821023
-290.0,-240.0,0.5378029038258831,-0.5517320299883381,-0.2669475893864301,0.42963820188709234
-290.0,-230.0,0.5298423122299201,-0.46416144896156974,-0.2457573838006517,0.4313389714684487
-290.0,-220.0,0.5262066994935215,-0.3861994034939915,-0.22521832695615956,0.4321188554125688
-290.0,-210.0,0.5261368006897884,-0.3157259505412475,-0.20520799076576135,0.43213386875582815
-290.0,-200.0,0.5291416421857909,-0.2513800836675508,-0.18565327406972643,0.43148912133122325
-290.0,-190.0,0.5348820347463272,-0.19223497111669952,-0.16650931170919853,0.43026114060431847
-290.0,-180.0,0.543111074911732,-0.1376331545825069,-0.14774873333518984,0.42850940689539946
-290.0,-170.0,0.5536407109192365,-0.08709475483559537,-0.12935561104641286,0.42628291766244775
-290.0,-160.0,0.5663215274000479,-0.04026260402234527,-0.11132175282591482,0.42362420533742634
-290.0,-150.0,0.5810297916691955,0.0031324389229494543,-0.09364425800439596,0.4205719355149678
-290.0,-140.0,0.5976587590400957,0.04329445313663882,-0.07632379025695439,0.41716265297940136
-290.0,-130.0,0.6161126238099817,0.08037827832665068,-0.05936327757211069,0.4134319790193988
-290.0,-120.0,0.636302205188644,0.11450080998284218,-0.042766878025814234,0.4094154297824219
-290.0,-110.0,0.6581418342371759,0.1457493298117183,-0.026539120821338743,0.4051489541712165
-290.0,-100.0,0.6815471193939504,0.17418783964181594,-0.010684173003544488,0.40066925068843295
-290.0,-90.0,0.7064333907336127,0.19986201613608712,0.004794792829120752,0.39601390122283053
-290.0,-80.0,0.7327146951346379,0.22280318791971965,0.019896138930917743,0.39122134867059805
-290.0,-70.0,0.7603032563626879,0.24303159914898753,0.03462021048553564,0.3863307404620259
-290.0,-60.0,0.7891093370832936,0.26055913286527854,0.04896968560883349,0.3813816590914828
-290.0,-50.0,0.8190414507908308,0.2753916060556616,0.06294981955828982,0.3764137619928086
-290.0,-40.0,0.8500068749938978,0.2875307059773493,0.07656857616345522,0.37146635533289035
-290.0,-30.0,0.8819124158809823,0.29697560798288825,0.08983664240487851,0.3665779285246426
-290.0,-20.0,0.9146653715431379,0.30372429516900334,0.1027673265887868,0.36178567769577846
-290.0,-10.0,0.9481746376115887,0.3077745873590261,0.11537634602989402,0.357125046414824
-290.0,0.0,0.9823518974187326,0.30912487961307855,0.12768151583424756,0.3526293103448278
-280.0,-270.0,0.5332419309312328,-0.7632840287852446,-0.32626401168330044,0.4106114887339603
-280.0,-260.0,0.510078255224478,-0.6395136474268983,-0.3028612721802093,0.41560203297552006
-280.0,-250.0,0.4951747227378709,-0.5362902677374759,-0.28073342652196837,0.4188540834625283
-280.0,-240.0,0.4859656351014934,-0.4464016089917855,-0.2594429174162134,0.42087928507181716
-280.0,-230.0,0.4811471801706517,-0.3661809982799218,-0.2387751335032985,0.4219436403365762
-280.0,-220.0,0.47995337451521003,-0.29347376966976,-0.21861047872122827,0.4222078381476066
-280.0,-210.0,0.48189133981031906,-0.22689631611424455,-0.1988779307189166,0.42177905196081256
-280.0,-200.0,0.4866228716464649,-0.16550620064666122,-0.17953440026354736,0.42073435695460915
-280.0,-190.0,0.49390393120323584,-0.10863480693266414,-0.1605542365823517,0.41913283946197566
-280.0,-180.0,0.5035506050554668,-0.05579417018174615,-0.14192332560796128,0.41702250496631077
-280.0,-170.0,0.5154184739763168,-0.00662132594054432,-0.12363548141318427,0.4144445291419953
-280.0,-160.0,0.5293893340002613,0.039156837288935264,-0.10569006557357445,0.4114360339579574
-280.0,-150.0,0.5453622171226682,0.08174682280729506,-0.08809029772226412,0.4080319833630728
-280.0,-140.0,0.5632470724021865,0.12130452144022996,-0.07084196948102489,0.40426651525948776
-280.0,-130.0,0.5829601841708305,0.15794661892875705,-0.05395240103695682,0.4001738852328415
-280.0,-120.0,0.6044207891825168,0.19175900711307658,-0.03742954944930699,0.3957891216645827
-280.0,-110.0,0.6275485719127545,0.22280318791971965,-0.021281218879426262,0.39114844972593965
-280.0,-100.0,0.6522618442611674,0.25112130301168145,-0.005514348724864675,0.3862895183125483
-280.0,-90.0,0.6784762913698255,0.27674020274643674,0.009865627399543712,0.38125145166413915
-280.0,-80.0,0.7061042095025818,0.2996748277496364,0.02485534758630692,0.37607474216751635
-280.0,-70.0,0.7350541861458,0.3199310831368902,0.03945400107071845,0.37080100026767976
-280.0,-60.0,0.7652311832764318,0.33750832126504005,0.0536637061171013,0.36547257988223614
-280.0,-50.0,0.7965369863631082,0.3524015035764858,0.067489770791929,0.36013210192713024
-280.0,-40.0,0.8288709772608778,0.3646030796752022,0.08094082345880951,0.3548219033512585
-280.0,-30.0,0.862131181355072,0.37410459881720426,0.09402880475611136,0.3495834433667263
-280.0,-20.0,0.8962155304657227,0.3808980535194668,0.10676881968317496,0.3444567014059412
-280.0,-10.0,0.9310232752707854,0.3849769457492198,0.11917885641298656,0.3394796020147497
-280.0,0.0,0.9664564761426053,0.38633706221683584,0.13127938659115537,0.33468750000000014
-270.0,-280.0,0.49688230078527607,-0.7632840287852446,-0.34097476374455926,0.3984798746352719
-270.0,-270.0,0.47161596677616213,-0.6352249761897255,-0.31746935720455915,0.40405842057321867
-270.0,-260.0,0.45497698530872555,-0.5286591266184599,-0.2952383358819464,0.4077797506321998
-270.0,-250.0,0.44422520983262137,-0.4358724278404775,-0.2738297520118847,0.4102039333223291
-270.0,-240.0,0.43798879918876965,-0.3529932308738055,-0.25302469387201537,0.4116169387804308
-270.0,-230.0,0.4354704247274288,-0.27776284879353463,-0.23270209735326777,0.41218895410647577
-270.0,-220.0,0.4361620896404004,-0.2087373716418348,-0.21279055413185,0.4120317707073816
-270.0,-210.0,0.43971891077821335,-0.14493612770834385,-0.19324715048424088,0.41122443851225726
-270.0,-200.0,0.44589509812010153,-0.08566470490926603,-0.17404681218349402,0.4098264354196342
-270.0,-190.0,0.45450811265753455,-0.030416996989356182,-0.1551763661313334,0.40788514975943213
-270.0,-180.0,0.4654169988887418,0.021183019508778322,-0.1366309407175876,0.40544048396605276
-270.0,-170.0,0.47850843692405887,0.06941789411373822,-0.11841160882950662,0.4025278759221627
-270.0,-160.0,0.49368727561806347,0.11450080998284218,-0.10052372207584558,0.39918038691801755
-270.0,-150.0,0.5108698138765795,0.15659210187702577,-0.08297563965418803,0.3954302001921179
-270.0,-140.0,0.5299788576764888,0.19581098546884323,-0.06577768478435685,0.3913097190007039
-270.0,-130.0,0.5509399892218645,0.23224417187030344,-0.04894123270040397,0.38685236944054646
-270.0,-120.0,0.5736787163097783,0.2659524076693911,-0.032477876375684986,0.38209316605525123
-270.0,-110.0,0.5981183066726548,0.29697560798288825,-0.016398643278216496,0.3770690712570229
-270.0,-100.0,0.6241781946983052,0.32533702124015074,-0.0007132552054104338,0.3718191647387369
-270.0,-90.0,0.6517728976769148,0.3510467180481216,0.014570563170699359,0.36638463216801104
-270.0,-80.0,0.6808114069535818,0.37410459881720426,0.029447711612011433,0.3608085812183738
-270.0,-70.0,0.7111970324797654,0.3945030468220585,0.0439162555791483,0.3551356958908905
-270.0,-60.0,0.7428276812135071,0.4122293041397298,0.05797785646513881,0.34941174588114216
-270.0,-50.0,0.7755965434970262,0.42726761125412427,0.0716380662499908,0.3436829752314798
-270.0,-40.0,0.8093931494962794,0.4396011236392443,0.08490646602919807,0.337995402374696
-270.0,-30.0,0.8441047426105448,0.44921359859795196,0.09779663515655514,0.3323940705729506
-270.0,-20.0,0.8796179011557435,0.4560908322325843,0.11032594763123331,0.32692229241712845
-270.0,-10.0,0.9158203262800466,0.4602218192583143,0.1225152037594936,0.32162093347257376
-270.0,0.0,0.9526027053800412,0.46159960705592784,0.1343881166437781,0.31652777777777785
-260.0,-290.0,0.4641093223979662,-0.7736211054078085,-0.356455171434516,0.38573269339996297
-260.0,-280.0,0.4360380234766179,-0.6395136474268983,-0.3327746793532473,0.39205996069650306
-260.0,-270.0,0.4172456132653839,-0.5286591266184599,-0.310410640826875,0.3963524114490145
-260.0,-260.0,0.40465397367491884,-0.4323830063489873,-0.28887195648256403,0.399253043517436
-260.0,-250.0,0.39676450857523693,-0.34644452635750067,-0.2679265305563065,0.40108025908047457
-260.0,-240.0,0.39272160320290506,-0.2684057804171682,-0.24744764723417606,0.40201947947614536
-260.0,-230.0,0.3919878732362674,-0.19672250494784516,-0.2273611439969559,0.4021901418488469
-260.0,-220.0,0.394203493859296,-0.1303521084508441,-0.20762273674361406,0.4016749919861728
-260.0,-210.0,0.39911589585590623,-0.06855921556191102,-0.18820679823422876,0.4005348937338922
-260.0,-200.0,0.4065408257602423,-0.010809215969401542,-0.16910019942616708,0.398817154287564
-260.0,-190.0,0.41633898463860564,0.04329445313663882,-0.1502986327572241,0.396560614523567
-260.0,-180.0,0.42840105775181336,0.09404944236534218,-0.13180424138278574,0.39379898673499447
-260.0,-170.0,0.4426375608690609,0.14168007931874627,-0.11362396655333024,0.3905631757151302
-260.0,-160.0,0.45897160291757366,0.1863547788816855,-0.09576829706881813,0.38688297103457353
-260.0,-150.0,0.4773335033944446,0.22819831679557412,-0.0782502412066148,0.3827883223807992
-260.0,-140.0,0.4976566519301646,0.2673007769287197,-0.06108441567062797,0.37831031463889264
-260.0,-130.0,0.5198742518433761,0.30372429516900334,-0.044286189954880956,0.3734819050225597
-260.0,-120.0,0.5439167409286405,0.33750832126504005,-0.027870853030635828,0.3683384524473989
-260.0,-110.0,0.569709776144447,0.36867387522278516,-0.011852789737998649,0.36291805049546216
-260.0,-100.0,0.5971727273205074,0.3972271193065606,0.0037553297988228563,0.35726166530723974
-260.0,-90.0,0.6262176604610303,0.42316246321498774,0.018943331518355335,0.35141307629481533
-260.0,-80.0,0.6567488100098404,0.4464653476233962,0.033704263135916394,0.34541861942643576
-260.0,-70.0,0.6886625450541031,0.46711479792152044,0.048035030706399535,0.33932673903633837
-260.0,-60.0,0.7218478291379391,0.48508579872716595,0.06193690911004819,0.3331873636407804
-260.0,-50.0,0.7561871591452407,0.5003515069016915,0.07541589050678227,0.3270511327897658
-260.0,-40.0,0.7915579479310066,0.5128852946333975,0.08848284052561664,0.32096851392701803
-260.0,-30.0,0.8278342909626701,0.5226625942602774,0.10115344225916695,0.3149888587222118
-260.0,-20.0,0.864889032664069,0.5296625031354503,0.11344792216411911,0.30915945555108615
-260.0,-10.0,0.9025960271719393,0.5338691004516205,0.1253905681844653,0.303524637237864
-260.0,0.0,0.940832474293436,0.5352724287475965,0.13700906676202124,0.298125
-250.0,-290.0,0.4034984109348583,-0.6525193137905719,-0.3487325801452687,0.3795202070314884
-250.0,-280.0,0.38208784884823577,-0.5362902677374759,-0.3262062430101475,0.3844990078286349
-250.0,-270.0,0.36734002979024516,-0.4358724278404775,-0.3045283414191777,0.3879593912672882
-250.0,-260.0,0.3575538468608277,-0.34644452635750067,-0.2834431844245216,0.3902690881984976
-250.0,-250.0,0.3517824377284817,-0.26529796690469354,-0.2628138256977099,0.3916361743022901
-250.0,-240.0,0.3494420936208271,-0.19074126756263166,-0.24256086684727726,0.3921915678266139
-250.0,-230.0,0.3501483714477678,-0.12164298252676442,-0.2226370687668337,0.3920238967345132
-250.0,-220.0,0.3536360172589441,-0.05720989821019984,-0.20301509400876924,0.39119671727228306
-250.0,-210.0,0.35971534932140403,0.0031324389229494543,-0.18368092048318402,0.3897580267941255
-250.0,-200.0,0.36824642430418986,0.0598092235131773,-0.16462999112435012,0.38774600710051993
-250.0,-190.0,0.3791226388774198,0.11313930060218524,-0.14586478662996671,0.38519276216122533
-250.0,-180.0,0.39225967149504526,0.16336295473225526,-0.1273931731038892,0.3821269153651997
-250.0,-170.0,0.4075876075015292,0.21066064132573548,-0.10922717789769845,0.378575519029565
-250.0,-160.0,0.4250450495981559,0.25516606395116437,-0.09138199560762386,0.37456552281112077
-250.0,-150.0,0.4445745241330985,0.29697560798288825,-0.07387510543189982,0.3701249367408601
-250.0,-140.0,0.46611878047471533,0.33615537148614827,-0.056725427104744056,0.3652837608213435
-250.0,-130.0,0.4896177519776339,0.37274658908451475,-0.03995247228643604,0.3600747144110533
-250.0,-120.0,0.5150060545943846,0.40676997632115874,-0.023575469918250776,0.35453377443923967
-250.0,-110.0,0.542210969211089,0.4382293535787136,-0.007612461789105282,0.3487005168127937
-250.0,-100.0,0.5711508996226575,0.46711479792152044,0.007920619711060511,0.34261824788442424
-250.0,-90.0,0.6017343263004356,0.49340549439456716,0.023010865466124356,0.3363339115678049
-250.0,-80.0,0.6338592897772029,0.5170724014225021,0.03764925670809373,0.32989776214659
-250.0,-70.0,0.6674134379140497,0.5380807998373247,0.05183143766165125,0.3233628025452625
-250.0,-60.0,0.7022746593827578,0.5563927571667455,0.06555834136572204,0.3167840019277733
-250.0,-50.0,0.7383123026738487,0.5719695060127172,0.07883661729292692,0.31021732345858544
-250.0,-40.0,0.7753889481288261,0.5847737072462604,0.09167881705629558,0.3037186107290073
-250.0,-30.0,0.8133626635161555,0.5947715461388112,0.10410330883535394,0.2973423970602425
-250.0,-20.0,0.8520896363587971,0.6019345939070102,0.11613391107017906,0.2911407128856145
-250.0,-10.0,0.8914270440987431,0.6062413600222487,0.12779925921354507,0.2851619703685418
-250.0,0.0,0.9312360015805394,0.6076784630763705,0.13913194277375693,0.2794500000000002
-240.0,-300.0,0.374265328644493,-0.674690000870365,-0.3653098964764098,0.3663313794044878
-240.0,-290.0,0.34968043456991027,-0.5517320299883381,-0.3425865687551095,0.3721349794209094
-240.0,-280.0,0.3324218525619369,-0.4464016089917855,-0.3207604208105358,0.3762482590543749
-240.0,-270.0,0.3204771537573239,-0.3529932308738055,-0.2995382336333624,0.37911323716246736
-240.0,-260.0,0.31276422895632505,-0.2684057804171682,-0.2787672617379123,0.3809708831172619
-240.0,-250.0,0.3086314322477508,-0.19074126756263166,-0.25836005582034727,0.3819686918538051
-240.0,-240.0,0.3076576655578105,-0.11874660266642012,-0.23826471077708336,0.3822040392229167
-240.0,-230.0,0.3095576994079643,-0.05155081214152579,-0.21845096264877814,0.381744910794921
-240.0,-220.0,0.3141317766408127,0.011473451733707396,-0.19890291431028023,0.38064107854890983
-240.0,-210.0,0.32123629990983504,0.07078913788519658,-0.17961489071325457,0.3789307206259024
-240.0,-200.0,0.33076549535774613,0.12674304749464493,-0.1605888991246651,0.3766446673961124
-240.0,-190.0,0.34263918588918707,0.1795967127337743,-0.14183295595483938,0.3738093265357522
-240.0,-180.0,0.3567941446026863,0.22954697787463685,-0.12335988987514358,0.3704488325936424
-240.0,-170.0,0.37317763457929476,0.27674020274643674,-0.10518639864514748,0.3665867176263539
-240.0,-160.0,0.391742334507984,0.3212823791481312,-0.08733222412730968,0.3622472672484603
-240.0,-150.0,0.412442180597542,0.3632465619983454,-0.06981935889326915,0.35745665069170673
-240.0,-140.0,0.43522885198641026,0.4026785093566767,-0.05267122832113516,0.3522438668126713
-240.0,-130.0,0.46004875147979973,0.4396011236392443,-0.03591181393974348,0.34664151744930566
-240.0,-120.0,0.48684041713569215,0.4740180999585033,-0.019564702092639438,0.34068639895368047
-240.0,-110.0,0.5155323587863432,0.5059170675357088,-0.003652059373392149,0.334419889453862
-240.0,-100.0,0.5460413545936746,0.5352724287475965,0.011806446241865786,0.32788810260077755
-240.0,-90.0,0.5782712691625771,0.5620480411298852,0.026794742215935315,0.32114177833097585
-240.0,-80.0,0.612112466989553,0.5861998405800755,0.04130141363864996,0.3142358878795501
-240.0,-70.0,0.6474418923722118,0.6076784630763705,0.05532066506280674,0.307228943976652
-240.0,-60.0,0.6841238686311701,0.6264318842152554,0.06885310864250642,0.3001820271606267
-240.0,-50.0,0.7220116359435989,0.6424080596844188,0.08190630548803977,0.2931575636433417
-240.0,-40.0,0.7609496005195497,0.6555575161527734,0.09449499702524977,0.2862179161708751
-240.0,-30.0,0.8007762129408622,0.6658358131400646,0.10664098304354616,0.27942387288044335
-240.0,-20.0,0.8413273372168062,0.6732057752974661,0.1183726316236876,0.2728331359686409
-240.0,-10.0,0.8824399229812228,0.6776393844012834,0.1297240399049969,0.26649891832937483
-240.0,0.0,0.9239557597718253,0.6791192236600603,0.1407338988070659,0.26046875000000014
-230.0,-310.0,0.34875557996213447,-0.7068837293467927,-0.38248691084453035,0.3523545984269374
-230.0,-300.0,0.32027813462169497,-0.5753727461754508,-0.35951815999933745,0.35916109565303816
-230.0,-290.0,0.30008910139612177,-0.46416144896156974,-0.33753146648775567,0.3640364118197864
-230.0,-280.0,0.2856933654532139,-0.3661809982799218,-0.3161751715446119,0.3675367476848203
-230.0,-270.0,0.27581045330295395,-0.27776284879353463,-0.29527328754694254,0.36995092331445895
-230.0,-260.0,0.26969154793766514,-0.19672250494784516,-0.27472687059928586,0.37145005932254643
-230.0,-250.0,0.26686321325059104,-0.12164298252676442,-0.2544774030921766,0.3721441270737212
-230.0,-240.0,0.2670109273598418,-0.05155081214152579,-0.23449038332272618,0.37210786088063363
-230.0,-230.0,0.2699189182679502,0.014249946953488024,-0.21474701056834636,0.37139429377947986
-230.0,-220.0,0.27543598733164454,0.0762706682969756,-0.19523958439113642,0.37004257145195657
-230.0,-210.0,0.2834545487101767,0.13489382743751444,-0.17596877450153295,0.36808285806381785
-230.0,-200.0,0.293896885558526,0.19040812544595465,-0.15694189157038602,0.3655396595040123
-230.0,-190.0,0.30670556025491624,0.24303159914898753,-0.13817170830535008,0.3624342409651457
-230.0,-180.0,0.32183631025938797,0.2929273666394905,-0.11967557659407328,0.3587865052742037
-230.0,-170.0,0.33925247516955115,0.34021468592657733,-0.10147468541419379,0.35461653686776995
-230.0,-160.0,0.35892039183614854,0.3849769457492198,-0.08359335748241725,0.349945925229623
-230.0,-150.0,0.38080542379726423,0.42726761125412427,-0.06605831393519314,0.3447989256944393
-230.0,-140.0,0.4048684358457748,0.46711479792152044,-0.04889785745203122,0.3392034780726767
-230.0,-130.0,0.43106262296590714,0.504524935338531,-0.03214094147394603,0.33319207655820443
-230.0,-120.0,0.4593306749637942,0.5394858495753825,-0.01581611012717178,0.32680246428147575
-230.0,-110.0,0.4896023135803258,0.5719695060127172,4.9687909492860175e-05,0.3200781116088878
-230.0,-100.0,0.5217922815295437,0.6019345939070102,0.015432387373754068,0.31306842929293655
-230.0,-90.0,0.5557988928760573,0.6293290875158393,0.030312149213372067,0.30582866708349354
-230.0,-80.0,0.5915032692819855,0.654092878289148,0.04467468839594605,0.2984194568333727
-230.0,-70.0,0.6287693836756496,0.676160533386962,0.05851249712965421,0.29090597738728624
-230.0,-60.0,0.6674450088275012,0.695464194841644,0.07182586096837758,0.283356746339577
-230.0,-50.0,0.7073636218919162,0.7119365904948403,0.084623563297793,0.27584207897778124
-230.0,-40.0,0.7483472490711307,0.7255140841124041,0.09692318590829785,0.26843229320144335
-230.0,-30.0,0.7902101532336507,0.7361396516522025,0.10875094099716148,0.2611957749126735
-230.0,-20.0,0.8327631819056607,0.7437656389594962,0.12014101126896898,0.2541970444581713
-230.0,-10.0,0.8758185169868464,0.748356139131201,0.1311344247521717,0.24749497498922474
-230.0,0.0,0.919194514874814,0.7498888303275413,0.14177754172445323,0.2411413043478262
-220.0,-320.0,0.3276153477410879,-0.750600533962937,-0.4002645029971486,0.33739935927687487
-220.0,-310.0,0.2942365712661723,-0.6078792565517099,-0.3769739924201721,0.3454571015897576
-220.0,-300.0,0.27058994893282406,-0.4894995471168522,-0.3548065229263609,0.3512297414640534
-220.0,-290.0,0.25340149069162643,-0.3861994034939915,-0.33331699364403516,0.3554571447419538
-220.0,-280.0,0.24109552247853272,-0.29347376966976,-0.31229531642652625,0.3584991427298759
-220.0,-270.0,0.23278438611424646,-0.2087373716418348,-0.2916265145358171,0.3605606412514973
-220.0,-260.0,0.22792103008241327,-0.1303521084508441,-0.2712431114621032,0.3617695046356963
-220.0,-250.0,0.22614939219357022,-0.05720989821019984,-0.25110490581157613,0.362210334305027
-220.0,-240.0,0.2272299858577509,0.011473451733707396,-0.23118911013033555,0.36194142531236134
-220.0,-230.0,0.2309988566782064,0.0762706682969756,-0.21148506921931687,0.3610042458161687
-220.0,-220.0,0.2373430273550987,0.1376089689261213,-0.19199122956479328,0.3594292249806614
-220.0,-210.0,0.2461847484681603,0.19581098546884323,-0.17271329871317984,0.3572395785010557
-220.0,-200.0,0.2574707245614054,0.25112130301168145,-0.15366305971239377,0.3544540366250966
-220.0,-190.0,0.2711642627498527,0.30372429516900334,-0.1348575453464378,0.3510889381098947
-220.0,-180.0,0.2872391790971329,0.3537564712875243,-0.1163183937591892,0.34715995056066334
-220.0,-170.0,0.3056747733822933,0.4013152494764096,-0.09807126729340662,0.3426835661823679
-220.0,-160.0,0.3264514551805868,0.4464653476233962,-0.08014524928000417,0.33767845506908795
-220.0,-150.0,0.34954677233907794,0.4892435680318252,-0.06257215339663888,0.3321667135932008
-220.0,-140.0,0.37493170641034035,0.5296625031354503,-0.0453856948204061,0.3261750123870144
-220.0,-130.0,0.40256718413981596,0.5677135379462026,-0.028620486425630944,0.31973562165758185
-220.0,-120.0,0.43240082299440274,0.6033694295919134,-0.012310839812675766,0.3128872691930861
-220.0,-110.0,0.4643639880286736,0.6365866821000279,0.003510628048581509,0.3056757685697454
-220.0,-100.0,0.4983692883139206,0.6673078907511449,0.018814555524722436,0.2981543434203284
-220.0,-90.0,0.5343086812758537,0.695464194841644,0.03357650648995266,0.29038357083679883
-220.0,-80.0,0.5720523774449,0.7209779432930734,0.04777865908650395,0.28243087603145595
-220.0,-70.0,0.6114487395578694,0.7437656389594962,0.06141139147890774,0.27436953365237976
-220.0,-60.0,0.6523253419502435,0.7637411814534936,0.07447462066890821,0.2662771692733387
-220.0,-50.0,0.6944912943386843,0.7808193740783818,0.08697874335691697,0.25823380530839024
-210.0,-320.0,0.27206013527690187,-0.6503368176189196,-0.39493729668761984,0.3308693574283889
-210.0,-310.0,0.24424790459208934,-0.5229735494781975,-0.3725534686289328,0.3377186891668135
-210.0,-300.0,0.22384678606951636,-0.41336547494445597,-0.3509264468292164,0.34278364738683376
-210.0,-290.0,0.20882627631698525,-0.3157259505412475,-0.3297947583892579,0.346533428891025
-210.0,-280.0,0.1980972306019908,-0.22689631611424455,-0.3090209480391875,0.3492220692810834
-210.0,-270.0,0.1910089216846902,-0.14493612770834385,-0.2885255614877428,0.3510028495157593
-210.0,-260.0,0.1871471798767066,-0.06855921556191102,-0.2682609880924282,0.35197449093318417
-210.0,-250.0,0.186238671969434,0.0031324389229494543,-0.24819929027904528,0.35220322585827946
-210.0,-240.0,0.18809997235818754,0.07078913788519658,-0.2283259165422393,0.35173466680886945
-210.0,-230.0,0.19260798986702277,0.13489382743751444,-0.2086362141011307,0.35060081312733327
-210.0,-220.0,0.19968150284723452,0.19581098546884323,-0.18913339447191738,0.34882453912465816
-210.0,-210.0,0.20926884488965602,0.2538178105089073,-0.16982729688717832,0.3464227031128217
-210.0,-200.0,0.22133914319400305,0.30912487961307855,-0.15073359911646037,0.3434084770319426
-210.0,-190.0,0.23587565643603137,0.3618902470909555,-0.13187326939842398,0.33979323244904497
-210.0,-180.0,0.25287035495977883,0.4122293041397298,-0.11327212471012069,0.3355881788198966
-210.0,-170.0,0.27231921748676213,0.4602218192583143,-0.09496039707594937,0.33080586903375525
-210.0,-160.0,0.29421791643855166,0.5059170675357088,-0.07697222878098652,0.3254616352144866
-210.0,-150.0,0.318557693231011,0.5493376564424604,-0.05934502856333772,0.31957497959761594
-210.0,-140.0,0.3453213194826865,0.590482475468944,-0.04211862985332901,0.3131709134311139
-210.0,-130.0,0.37447911847456683,0.6293290875158393,-0.025334203034690105,0.3062812076451918
-210.0,-120.0,0.4059850932411002,0.6658358131400646,-0.009032889836897255,0.2989454915217732
-210.0,-110.0,0.4397732774798362,0.6999437172590484,0.006745848078123885,0.2912121108980651
-210.0,-100.0,0.47575449252647584,0.7315786799322761,0.021966140991983393,0.283138638567611
-210.0,-90.0,0.5138137531331628,0.7606537093095547,0.03659781580127697,0.27479192105769024
-200.0,-330.0,0.25450220007750235,-0.7045356052256996,-0.41341020017529423,0.3151856697107646
-200.0,-320.0,0.2214949307025329,-0.5654498953559277,-0.39074553414376606,0.32336964536997437
-200.0,-310.0,0.1973339768850888,-0.44816553071781073,-0.36896699963043916,0.32941365057281946
-200.0,-300.0,0.1792471969740499,-0.34481193963216183,-0.3477314487646835,0.33396532685297486
-200.0,-290.0,0.1658439821857669,-0.2513800836675508,-0.32686905755677037,0.3373523665426831
-200.0,-280.0,0.15632551681721063,-0.16550620064666122,-0.3062842241264721,0.3397645862229391
-200.0,-270.0,0.15019636760259036,-0.08566470490926603,-0.2859198001870975,0.3413207697474185
-200.0,-260.0,0.14713575144841795,-0.010809215969401542,-0.26574139589830986,0.3420986853321974
-200.0,-250.0,0.14693198195639834,0.0598092235131773,-0.2457296026555778,0.3421504966805279
-200.0,-240.0,0.14944572095625586,0.12674304749464493,-0.22587582440716633,0.3415115107114005
-200.0,-230.0,0.15458773810138982,0.19040812544595465,-0.20617993145400715,0.3402055788278919
-200.0,-220.0,0.16230451800743873,0.25112130301168145,-0.18664890455137392,0.3382487049934887
-200.0,-210.0,0.1725683248485661,0.30912487961307855,-0.16729604139849738,0.3356516565315778
-200.0,-200.0,0.1853698684675933,0.3646030796752022,-0.1481404832437075,0.3324220167562925
-200.0,-190.0,0.20071249045912398,0.41769340772701824,-0.12920690880484326,0.3285659366353988
-200.0,-180.0,0.21860720525559052,0.46849462046449064,-0.1105252862868146,0.32408974234186694
-200.0,-170.0,0.23906817007744086,0.5170724014225021,-0.09213059463352515,0.3190014945615038
-200.0,-160.0,0.26210830572405164,0.5634634486268775,-0.07406243363773549,0.31331255308981165
-200.0,-150.0,0.28773489278725495,0.6076784630763705,-0.05636444578099459,0.3070391656642544
-200.0,-140.0,0.3159450501691672,0.6497043931352295,-0.03908347547240963,0.3002040671693133
-200.0,-130.0,0.346721079628999,0.6895062120721289,-0.022268397946175966,0.2928380413349856
-200.0,-120.0,0.38002574011032686,0.7270284626630201,-0.005968564653289605,0.2849813612080262
-200.0,-110.0,0.41579760264757826,0.7621967808781429,0.009768161437693408,0.2766849887907314
-190.0,-340.0,0.2427948800501747,-0.7736211054078085,-0.4324341731214709,0.29807832178263105
-190.0,-330.0,0.20293640297998583,-0.6182913667844819,-0.4093663919661625,0.3080083718482442
-190.0,-320.0,0.17425235727141675,-0.4913318215555609,-0.38740476437376703,0.3152261863178662
-190.0,-310.0,0.15265128254169302,-0.3811672661105492,-0.36606461818178454,0.3206972019139305
-190.0,-300.0,0.13626960007175692,-0.2824606773505933,-0.34512725425102375,0.3248648617089101
-190.0,-290.0,0.12409125636679263,-0.19223497111669952,-0.3244747163008397,0.32797280143556057
-190.0,-280.0,0.11550588700329922,-0.10863480693266414,-0.30403746621488037,0.33016847084122913
-190.0,-270.0,0.11012648361165644,-0.030416996989356182,-0.2837731071213019,0.3315461109328869
-190.0,-260.0,0.10770143278636746,0.04329445313663882,-0.2636563575111486,0.33216761603737566
-190.0,-250.0,0.10806721090641824,0.11313930060218524,-0.24367387069881538,0.33207385434366415
-190.0,-240.0,0.11112075044756575,0.1795967127337743,-0.22382140985699056,0.33129137702274875
-190.0,-230.0,0.11680214756940366,0.24303159914898753,-0.20410227588878702,0.32983671866094216
-190.0,-220.0,0.12508313214361433,0.30372429516900334,-0.18452644650548994,0.3277193777304855
-190.0,-210.0,0.13595886499214593,0.3618902470909555,-0.16511013413449618,0.3249440622723989
-190.0,-200.0,0.14944167341576908,0.41769340772701824,-0.1458755876747195,0.32151253928976903
-190.0,-190.0,0.16555588037862035,0.4712555163190779,-0.12685101916587702,0.3174252966235966
-190.0,-180.0,0.18433318216938566,0.5226625942602774,-0.10807056142599338,0.3126831523332696
-190.0,-170.0,0.20580820437199754,0.5719695060127172,-0.08957417085737557,0.30728889975919027
-190.0,-160.0,0.23001397747442098,0.6192031509285063,-0.07140738848453373,0.30124904127618213
-190.0,-150.0,0.256977155056864,0.664364682845024,-0.053620866840525507,0.29457563144169047
-190.0,-140.0,0.2867128697634638,0.7074310555998093,-0.03626956492697326,0.28728821531696724
-190.0,-130.0,0.3192191989766233,0.748356139131201,-0.019411512940576785,0.2794158069353947
-180.0,-340.0,0.1894872183572851,-0.68374373013835,-0.4284208594894513,0.29138559874214764
-180.0,-330.0,0.15512308280397336,-0.5439806136963621,-0.40621197845074397,0.3000697061736362
-180.0,-320.0,0.12940030530862456,-0.425433847214983,-0.38475453105621077,0.3066169447889588
-180.0,-310.0,0.10965937284510008,-0.3205352441103635,-0.36375050174224854,0.3116658025550163
-180.0,-300.0,0.09455222837717936,-0.22537659575566993,-0.3430495786321835,0.31554236894636095
-180.0,-290.0,0.08330221864792242,-0.1376331545825069,-0.3225657004007378,0.3184358160210334
-180.0,-280.0,0.07542923792782363,-0.05579417018174615,-0.30224644810228146,0.32046385850756237
-180.0,-270.0,0.07062587918897978,0.021183019508778322,-0.28205951603394736,0.3217023926157458
-180.0,-260.0,0.06869405816685692,0.09404944236534218,-0.2619860132650056,0.3222007586172143
-180.0,-250.0,0.06950945065366221,0.16336295473225526,-0.24201692025123872,0.32199038853994627
-180.0,-240.0,0.07300003539435829,0.22954697787463685,-0.2221511674063578,0.32109011012485644
-180.0,-230.0,0.0791323091178604,0.2929273666394905,-0.20239462016542148,0.3195096520108507
-180.0,-220.0,0.08790187411480876,0.3537564712875243,-0.18275960389478235,0.3172521507952662
-180.0,-210.0,0.09932657242022258,0.4122293041397298,-0.1632647623565742,0.314316110583997
-180.0,-200.0,0.11344108203370706,0.46849462046449064,-0.1439351195365861,0.31069708940379326
-180.0,-190.0,0.13029228379485613,0.5226625942602774,-0.12480224912658447,0.30638929258860526
-180.0,-180.0,0.14993492548188736,0.5748101342895016,-0.10590446764831643,0.30138719901835037
-180.0,-170.0,0.17242723664957071,0.624984514951529,-0.0872869651217865,0.29568731071831267
-180.0,-160.0,0.1978262284235217,0.6732057752974661,-0.06900177628223442,0.28929008774912524
-180.0,-150.0,0.22618247358508414,0.7194682075309742,-0.05110747933815503,0.28220210055153755
-180.0,-140.0,0.25753422225048217,0.7637411814534936,-0.03366849217998407,0.27443839497112343
-170.0,-350.0,0.18269649690745138,-0.7658519946692808,-0.4479607224092127,0.2730955715104445
-170.0,-340.0,0.14069278872661606,-0.6078792565517099,-0.4253736198113095,0.2837380544950281
-170.0,-330.0,0.10996200281764978,-0.4785698058358836,-0.4037651408531636,0.29158825599091776
-170.0,-320.0,0.08635606047088973,-0.3661809982799218,-0.38269383105557414,0.29764984742480166
-170.0,-310.0,0.06798832852015413,-0.26529796690469354,-0.3619594014744428,0.30238285613483984
-170.0,-300.0,0.05383277173448442,-0.17289802083518424,-0.3414527802700957,0.30603921128806644
-170.0,-290.0,0.04327592967759952,-0.08709475483559537,-0.3211086752579064,0.3087704951482776
-170.0,-280.0,0.035932256235403415,-0.00662132594054432,-0.30088631894747364,0.31067253349827895
-170.0,-270.0,0.03155523464279275,0.06941789411373822,-0.28076043449041116,0.3118069569858178
-170.0,-260.0,0.029989772809625892,0.14168007931874627,-0.2607166170309838,0.31221282101143666
-170.0,-250.0,0.03114459689198723,0.21066064132573548,-0.24074887921988813,0.3119134129119294
-170.0,-240.0,0.03497518257654053,0.27674020274643674,-0.22085836907884845,0.3109205377710375
-170.0,-230.0,0.041472579950556865,0.34021468592657733,-0.20105277853565315,0.30923741727529297
-170.0,-220.0,0.05065565695181662,0.4013152494764096,-0.1813461880220309,0.3068608155009015
-170.0,-210.0,0.06256534002629421,0.4602218192583143,-0.16175919945939546,0.30378275360898205
-170.0,-200.0,0.07725997176697974,0.5170724014225021,-0.14231926015547747,0.29999204687590897
-170.0,-190.0,0.0948111938805638,0.5719695060127172,-0.12306110024080967,0.29547582914262444
-170.0,-180.0,0.11529992097205066,0.624984514951529,-0.10402720804188302,0.290221191485065
-170.0,-170.0,0.13881205742192093,0.676160533386962,-0.08526825659726335,0.28421703752038396
-170.0,-160.0,0.1654336601153965,0.7255140841124041,-0.0668433731599219,0.27745623702595607
-170.0,-150.0,0.19524528611206748,0.7730358965817348,-0.04882011426263135,0.2699381344741487
-160.0,-350.0,0.1321384439068518,-0.686024622512629,-0.44490165791599817,0.265918248308754
-160.0,-340.0,0.09498091914590878,-0.5420523762281113,-0.42306866081826294,0.2754322207611912
-160.0,-330.0,0.06679083039819522,-0.42024745990216394,-0.40191454004138993,0.2826918861646332
-160.0,-320.0,0.044728337503926685,-0.312527966723692,-0.3811543062833057,0.28839451243338887
-160.0,-310.0,0.027373293835634804,-0.21477174793401899,-0.36064480006598515,0.2928913248721541
-160.0,-300.0,0.013915090657108387,-0.1245426695112446,-0.340303464293051,0.29638412945052944
-160.0,-290.0,0.003857123563457021,-0.04026260402234527,-0.3200790763398754,0.2989972991339758
-160.0,-280.0,-0.003114764301589412,0.039156837288935264,-0.2999389660420425,0.30080993442642556
-160.0,-270.0,-0.007198903604640483,0.11450080998284218,-0.27986276029010454,0.3018722170104489
-160.0,-260.0,-0.008514758820229451,0.1863547788816855,-0.2598391319697183,0.30221453554920763
-160.0,-250.0,-0.007124894995416797,0.25516606395116437,-0.23986410261453187,0.30185296466479394
-160.0,-240.0,-0.0030487851917777586,0.3212823791481312,-0.2199402327515399,0.3007927758726903
-160.0,-230.0,0.003728057269172913,0.3849769457492198,-0.20007636776400783,0.29903084633923904
-160.0,-220.0,0.01324770121655594,0.4464653476233962,-0.18028776114712833,0.29655745342269846
-160.0,-210.0,0.025575032532614506,0.5059170675357088,-0.1605964709548105,0.29335775687181126
-160.0,-200.0,0.04079386337626034,0.5634634486268775,-0.1410319591053104,0.2894131761183621
-160.0,-190.0,0.05900339011801181,0.6192031509285063,-0.12163183392641105,0.28470282221238685
-160.0,-180.0,0.08031458299207617,0.6732057752974661,-0.10244267087156476,0.27920512026948996
-160.0,-170.0,0.10484614027784622,0.7255140841124041,-0.08352082719422765,0.2728997461061333
-160.0,-160.0,0.1327196568949831,0.7761450955509215,-0.06493313401793006,0.2657699909820699
-150.0,-360.0,0.13159834528929082,-0.7841380703326405,-0.4648724856450181,0.24605603445195662
-150.0,-350.0,0.08542475754854029,-0.6182913667844819,-0.4426545018244659,0.25788949574291303
-150.0,-340.0,0.051540581495627125,-0.48402110984942404,-0.42137561497071585,0.2666319393997108
-150.0,-330.0,0.02517680836771108,-0.3678381561436117,-0.4005858819384981,0.2734610597353045
-150.0,-320.0,0.004241589852765237,-0.2637461281070643,-0.3800871703801621,0.27889736985565444
-150.0,-310.0,-0.012381182365367893,-0.16845998216426183,-0.35977231060257614,0.28322055808800944
-150.0,-300.0,-0.025350421694146252,-0.07995167601273145,-0.3395765850991177,0.28659682980176476
-150.0,-290.0,-0.035075770378357296,0.0031324389229494543,-0.3194585522899105,0.2891301322395066
-150.0,-280.0,-0.04181575769483192,0.08174682280729506,-0.29939120791542084,0.2908864118912144
-150.0,-270.0,-0.04572950413364363,0.15659210187702577,-0.279357535656939,0.2919064358175101
-150.0,-260.0,-0.0469061791365013,0.22819831679557412,-0.2593481926025528,0.2922131328222421
-150.0,-250.0,-0.04538280212063017,0.29697560798288825,-0.2393603573767869,0.2918160710386884
-150.0,-240.0,-0.04115551551022967,0.3632465619983454,-0.21939728189256288,0.29071434897189935
-150.0,-230.0,-0.03418702907314097,0.42726761125412427,-0.19946831568487114,0.2888985826165311
-150.0,-220.0,-0.024411767498744075,0.4892435680318252,-0.17958928076505037,0.28635238821125975
-150.0,-210.0,-0.011739661598242801,0.5493376564424604,-0.15978312851049226,0.283053620085311
-150.0,-200.0,0.00394078357892691,0.6076784630763705,-0.14008083433574603,0.2789755542190057
-150.0,-190.0,0.02275966592313572,0.664364682845024,-0.12052249142520377,0.27408817752807524
-150.0,-180.0,0.04486269918359387,0.7194682075309742,-0.1011585551861674,0.26835973377659905
-150.0,-170.0,0.07040766612015292,0.7730358965817348,-0.08205116513674614,0.26175867951168774
-140.0,-360.0,0.08293088667490478,-0.7116037959541336,-0.4625502840391263,0.23853141247081838
-140.0,-350.0,0.041441619519382966,-0.5595464722462851,-0.44105182623693473,0.2492454344076632
-140.0,-340.0,0.009862853975157515,-0.4323830063489873,-0.42020989964445754,0.25743667229203177
-140.0,-330.0,-0.015178247146814483,-0.3205352441103635,-0.39972639543203853,0.26394849648162344
-140.0,-320.0,-0.03530434977119601,-0.21930963208283316,-0.3794560744686141,0.26918968692888223
-140.0,-310.0,-0.05142200382269069,-0.12599376435622833,-0.3593156862840069,0.2733902660854136
-140.0,-300.0,-0.06407902323570802,-0.03885431650268689,-0.33925290954030207,0.2766901938422097
-140.0,-290.0,-0.07361834161512282,0.04329445313663882,-0.31923320044393516,0.27917765622327717
-140.0,-280.0,-0.08025403639109796,0.12130452144022996,-0.2992334847405125,0.2809080305189753
-140.0,-270.0,-0.08411260636109308,0.19581098546884323,-0.2792389296479449,0.281914207107535
-140.0,-260.0,-0.08525693702557002,0.2673007769287197,-0.2592412908656946,0.28221260267799586
-140.0,-250.0,-0.08370090248662998,0.33615537148614827,-0.2392381636609952,0.28180685060536564
-140.0,-240.0,-0.07941857795576701,0.4026785093566767,-0.2192328171251527,0.2806901706425956
-140.0,-230.0,-0.07235020917062718,0.46711479792152044,-0.1992344529618062,0.27884697013417575
-140.0,-220.0,-0.062406185337543496,0.5296625031354503,-0.17925881114239753,0.2762540110619469
-140.0,-210.0,-0.049469800217075255,0.590482475468944,-0.15932908656888606,0.2728813701466709
-140.0,-200.0,-0.03339934784731202,0.6497043931352295,-0.13947714088437801,0.26869337016517436
-140.0,-190.0,-0.014029986250805093,0.7074310555998093,-0.11974499832755718,0.2636496451268869
-140.0,-180.0,0.008824233156959238,0.7637411814534936,-0.1001866050288766,0.2577065078200159
-130.0,-360.0,0.037842646143173564,-0.6503368176189196,-0.4609428186385736,0.23017757915471923
-130.0,-350.0,-0.00046603865169903,-0.5079645020644907,-0.4399907074622662,0.2401211722169757
-130.0,-340.0,-0.030392618516701386,-0.3861994034939915,-0.4195123144260208,0.24791010073194575
-130.0,-330.0,-0.05448690152629987,-0.27776284879353463,-0.3992966525382837,0.2541892666335879
-130.0,-320.0,-0.0740575215757302,-0.1788293760487738,-0.37923286443526366,0.2592921798516588
-130.0,-310.0,-0.08986039787404798,-0.08709475483559537,-0.3592542394345989,0.26341296750211063
-130.0,-300.0,-0.10235947244227384,-0.0010447098027350776,-0.3393172647403814,0.2666716967529662
-130.0,-290.0,-0.1118452892093067,0.08037827832665068,-0.3193922784063438,0.2691441481704637
-130.0,-280.0,-0.11849571232557676,0.15794661892875705,-0.2994588534869906,0.270877084797251
-130.0,-270.0,-0.12240964955159028,0.23224417187030344,-0.27950342120533367,0.2718967405735382
-130.0,-260.0,-0.1236268569499086,0.30372429516900334,-0.25951809497744044,0.2722138100451192
-130.0,-250.0,-0.12213999083207083,0.37274658908451475,-0.23950022261665468,0.27182649496797207
-130.0,-240.0,-0.11790206850533314,0.4396011236392443,-0.219452442282238,0.27072241424817606
-130.0,-230.0,-0.11083107771093403,0.504524935338531,-0.19938313834150898,0.26887983216502254
-130.0,-220.0,-0.10081275937655731,0.5677135379462026,-0.17930725736232642,0.26626848754067856
-130.0,-210.0,-0.08770221591722716,0.6293290875158393,-0.15924748087939844,0.2628502231948181
-130.0,-200.0,-0.0713248059835303,0.6895062120721289,-0.13923577237327447,0.25857958096419303
-130.0,-190.0,-0.05147670101476609,0.748356139131201,-0.11931532514007688,0.2534045247952722
-120.0,-370.0,0.04328460467750417,-0.7632840287852446,-0.4811089461835994,0.2087682492672353
-120.0,-360.0,-0.004644376311592202,-0.5975919212953404,-0.45990991693273364,0.2212077492017991
-120.0,-350.0,-0.04071731513508703,-0.4623731872239305,-0.43940137588860706,0.23060015365822967
-120.0,-340.0,-0.0694627921194726,-0.34481193963216183,-0.41923886925881004,0.2380940371000383
-120.0,-330.0,-0.09290362306432742,-0.23909798063443333,-0.39926583325817994,0.24420645854000517
-120.0,-320.0,-0.11212804088639516,-0.14201226961429558,-0.3793948743471398,0.2492178350742941
-120.0,-310.0,-0.12778019233991977,-0.05155081214152579,-0.3595710695596833,0.2532955703041517
-120.0,-300.0,-0.14025922995066487,0.033634200183279006,-0.3397572587394552,0.25654435315136254
-120.0,-290.0,-0.149813833175221,0.11450080998284218,-0.319927209811487,0.2590300762889068
-120.0,-280.0,-0.15659196504221295,0.19175900711307658,-0.30006217143886554,0.2607924333093138
-120.0,-270.0,-0.16066895132666015,0.2659524076693911,-0.2801491019859861,0.26185202053153167
-120.0,-260.0,-0.16206403472518072,0.33750832126504005,-0.2601798402355282,0.26221451282302277
-120.0,-250.0,-0.16075032188617233,0.40676997632115874,-0.24015088095737935,0.26187316467212635
-120.0,-240.0,-0.1566606916575921,0.4740180999585033,-0.2200636010463196,0.26081029790736077
-120.0,-230.0,-0.1496910914404308,0.5394858495753825,-0.19992487598598355,0.2589981543601984
-120.0,-220.0,-0.13970206044023437,0.6033694295919134,-0.1797480811253855,0.2563993512701268
-120.0,-210.0,-0.1265190050607503,0.6658358131400646,-0.15955450847822703,0.2529671101631029
-120.0,-200.0,-0.1099315861434016,0.7270284626630201,-0.13937525643903262,0.24864540593494563
-110.0,-370.0,-0.0005888180543449639,-0.7068837293467927,-0.47998826871146344,0.2001530961523503
-110.0,-360.0,-0.04511068512985106,-0.5517320299883381,-0.4593625940127586,0.21174514686733578
-110.0,-350.0,-0.07959467663498865,-0.4219738594552338,-0.43923294270658286,0.22073609138814548
-110.0,-340.0,-0.10751646381052082,-0.30774312734401343,-0.4193551368340826,0.22801594069465375
-110.0,-330.0,-0.13054129957708827,-0.20422348033017945,-0.3996087727255307,0.23401459091431706
-110.0,-320.0,-0.14959717759004865,-0.10863480693266414,-0.37992309294306675,0.23897372962016955
-110.0,-310.0,-0.16524331389722335,-0.019199341224041877,-0.3602517793605692,0.24304043998385105
-110.0,-300.0,-0.17782797930542626,0.06530205050843829,-0.34056229632046503,0.24630737367145913
-110.0,-290.0,-0.18756601802870576,0.1457493298117183,-0.32083077555851336,0.24883250080028307
-110.0,-280.0,-0.19458052286697458,0.22280318791971965,-0.30103939557792786,0.250649720347093
-110.0,-270.0,-0.19892658466018598,0.29697560798288825,-0.2811750463900358,0.2517748861335482
-110.0,-260.0,-0.2006052365825015,0.36867387522278516,-0.26122875000642004,0.2522093181666438
-110.0,-250.0,-0.19957160841423582,0.4382293535787136,-0.24119559578774266,0.2519418277551307
-110.0,-240.0,-0.1957394098151768,0.5059170675357088,-0.22107508902533482,0.25094980576290626
-110.0,-230.0,-0.1889829153277638,0.5719695060127172,-0.20087188839111222,0.2491996879094928
-110.0,-220.0,-0.17913712076461086,0.6365866821000279,-0.18059695870298195,0.24664699168494525
-110.0,-210.0,-0.16599645927010664,0.6999437172590484,-0.1602692058279137,0.2432360616012557
-110.0,-200.0,-0.14931230229159653,0.7621967808781429,-0.13991769834938372,0.2388996393647568
-100.0,-370.0,-0.04177661105026198,-0.6591036151201526,-0.4793915648815016,0.1908762099384445
-100.0,-360.0,-0.083928151405815,-0.5116964287101697,-0.4592385809989796,0.20186610840367364
-100.0,-350.0,-0.11729440929976298,-0.3861994034939915,-0.4394459748124689,0.21056408815635932
-100.0,-340.0,-0.14467482414842525,-0.2746381606417203,-0.41983284868551807,0.21769331446923906
-100.0,-330.0,-0.16748167061330732,-0.17289802083518424,-0.4003040027413764,0.22362179095345824
-100.0,-320.0,-0.18652337965444898,-0.0785251915825258,-0.38080085456294255,0.2285622653985838
-100.0,-310.0,-0.2022935403724968,0.010084491625084624,-0.3612834978912964,0.23264615653698145
-100.0,-300.0,-0.2151000510414709,0.09404944236534218,-0.34172278514722526,0.23595664455832416
-100.0,-290.0,-0.22513027231517535,0.17418783964181594,-0.3220964241255948,0.23854537003577547
-100.0,-280.0,-0.23248660169232305,0.25112130301168145,-0.302386952275687,0.24044153362807635
-100.0,-270.0,-0.23720682807471105,0.32533702124015074,-0.28258071463400136,0.24165707048819632
-100.0,-260.0,-0.23927593183795115,0.3972271193065606,-0.26266745840410083,0.24218960814933838
-100.0,-250.0,-0.23863267294750967,0.46711479792152044,-0.2426403728052311,0.2420240679869226
-100.0,-240.0,-0.23517273280169948,0.5352724287475965,-0.2224965127838381,0.24113336931878884
-100.0,-230.0,-0.22874936418237124,0.6019345939070102,-0.20223761204251667,0.2394784923022119
-100.0,-220.0,-0.21917205222722402,0.6673078907511449,-0.18187134151117845,0.23700804867540742
-100.0,-210.0,-0.20620341446622326,0.7315786799322761,-0.16141311743978265,0.23365745337645655
-90.0,-370.0,-0.08085770622834221,-0.6182913667844819,-0.4792340804050244,0.18106544722378884
-90.0,-360.0,-0.12134605896309836,-0.4767586370357413,-0.45949091528651076,0.19161967218729029
-90.0,-350.0,-0.15395471901336744,-0.35463504958273084,-0.44000824068218675,0.20010684179149615
-90.0,-340.0,-0.181024166066184,-0.245228762314738,-0.4206477046127911,0.2071364492405673
-90.0,-330.0,-0.20378219801507114,-0.14493612770834385,-0.40133238349474704,0.21303126051926136
-90.0,-320.0,-0.22294639889388668,-0.05155081214152579,-0.38201286099329185,0.21798204980162905
-90.0,-310.0,-0.23895912551447251,0.0363963596106327,-0.36265410538342807,0.22210808145708144
-90.0,-300.0,-0.25209612041948604,0.11994428166677684,-0.3432294692635561,0.22548510245481332
-90.0,-290.0,-0.26252246734043383,0.19986201613608712,-0.32371766059929535,0.22815976029115978
-90.0,-280.0,-0.2703234742139895,0.27674020274643674,-0.30410114949193023,0.23015753491399465
-90.0,-270.0,-0.2755223203246977,0.3510467180481216,-0.2843653678319892,0.23148722983736608
-90.0,-260.0,-0.2780900641105213,0.42316246321498774,-0.26449841643966293,0.23214346361875166
-90.0,-250.0,-0.27795083933103704,0.49340549439456716,-0.2444911592537251,0.23210789096187515
-90.0,-240.0,-0.2749837170911753,0.5620480411298852,-0.22433767372381885,0.23134953673648337
-90.0,-230.0,-0.26902199031871765,0.6293290875158393,-0.20403608701486728,0.22982444429533935
-90.0,-220.0,-0.25985020917411084,0.695464194841644,-0.18358988049063488,0.2274747365784483
-90.0,-210.0,-0.24719900109156745,0.7606537093095547,-0.16300980308024093,0.22422712614610454
-80.0,-380.0,-0.06717577195867364,-0.750600533962937,-0.4992439101807813,0.1574976766412888
-80.0,-370.0,-0.11819625465420236,-0.5833889993086131,-0.47945560794255476,0.17079906326568436
-80.0,-360.0,-0.15753547369179155,-0.4464016089917855,-0.460081904976061,0.18103767760772563
-80.0,-350.0,-0.1896725090803515,-0.32697101804886985,-0.4408920859247058,0.18937837407941266
-80.0,-340.0,-0.21662412417268606,-0.21930963208283316,-0.42177788564482865,0.19635023600947846
-80.0,-330.0,-0.23948075749398123,-0.1201943814324502,-0.4026761053162138,0.2022423155706182
-80.0,-320.0,-0.2588902032411824,-0.027609198843197902,-0.3835444226240903,0.20722855950363903
-80.0,-310.0,-0.27525468448909485,0.0598092235131773,-0.3643515971597922,0.21141881100580573
-80.0,-300.0,-0.28882442453652013,0.14303669935072572,-0.34507285255730846,0.21488305291009369
-80.0,-290.0,-0.29974664608885804,0.22280318791971965,-0.32568749110840745,0.21766409473202275
-80.0,-280.0,-0.3080927992820921,0.2996748277496364,-0.30617761632304985,0.21978459286932595
-80.0,-270.0,-0.3138740257400632,0.37410459881720426,-0.28652748435539677,0.22125099030053605
-80.0,-260.0,-0.3170496536126979,0.4464653476233962,-0.2667232724654561,0.22205561448726774
-80.0,-250.0,-0.3175311479327816,0.5170724014225021,-0.24675318124963636,0.2221775585948862
-80.0,-240.0,-0.31518275101205906,0.5861998405800755,-0.22660786212044992,0.22158266363865015
-80.0,-230.0,-0.3098193828792819,0.654092878289148,-0.20628121770288377,0.22022274910420925
-80.0,-220.0,-0.301201942182183,0.7209779432930734,-0.18577167871306968,0.21803413353905865
-70.0,-380.0,-0.10498568607163739,-0.7139759275346035,-0.499335684984823,0.14735628151096142
-70.0,-370.0,-0.15403162315838936,-0.5536796534085131,-0.4800097877504901,0.160126836175981
-70.0,-360.0,-0.1926142439136289,-0.42024745990216394,-0.4609796303201528,0.17014047263921458
-70.0,-350.0,-0.22451396181079453,-0.302972637878697,-0.4420727171915202,0.17838641404239905
-70.0,-340.0,-0.2515132355570171,-0.19672250494784516,-0.4232030003068728,0.185335427080904
-70.0,-330.0,-0.2745989518247123,-0.09856159905625006,-0.40431793513079733,0.19125116295481298
-70.0,-320.0,-0.2943650985938502,-0.00662132594054432,-0.3853808531119168,0.1962946714883806
-70.0,-310.0,-0.31118259419163063,0.08037827832665068,-0.3663635497587853,0.20056856535395085
-70.0,-300.0,-0.3252816690460991,0.16336295473225526,-0.347242691208815,0.20413846624793563
-70.0,-290.0,-0.336795548538368,0.24303159914898753,-0.32799791122336747,0.20704436778890653
-70.0,-280.0,-0.34578481439536857,0.3199310831368902,-0.30861076443820273,0.2093069422471891
-70.0,-270.0,-0.35225110203784604,0.3945030468220585,-0.28906417557440545,0.21093103707015087
-70.0,-260.0,-0.356144318378955,0.46711479792152044,-0.2693422264809031,0.211907444499503
-70.0,-250.0,-0.3573654827074255,0.5380807998373247,-0.24943022416096902,0.21221348513939625
-70.0,-240.0,-0.3557662160060293,0.6076784630763705,-0.22931505602334823,0.21181266506280677
-70.0,-230.0,-0.3511452688318073,0.676160533386962,-0.2089858911248247,0.21065350058986185
-70.0,-220.0,-0.34324202518947455,0.7437656389594962,-0.1884353443964008,0.2086674890398834
-60.0,-380.0,-0.14081013647196872,-0.68374373013835,-0.4997664126226099,0.13668772005680405
-60.0,-370.0,-0.18852412348455938,-0.5286591266184599,-0.48085851908487703,0.14908079897659177
-60.0,-360.0,-0.22666206376496234,-0.39801520269594337,-0.46215577014124226,0.1589403791525466
-60.0,-350.0,-0.2585215196280044,-0.2824606773505933,-0.443527027658218,0.16713400532706196
-60.0,-340.0,-0.28571283062781294,-0.17734502457322998,-0.424903313163202,0.17408955874185536
-60.0,-330.0,-0.30914453090247407,-0.07995167601273145,-0.40624063403964705,0.18005151278194131
-60.0,-320.0,-0.32936933215247177,0.011473451733707396,-0.38750697857757016,0.18517111425295968
-60.0,-310.0,-0.3467340808484909,0.098144818962981,-0.368676668447832,0.1895455463528685
-60.0,-300.0,-0.36145374698409793,0.18094858650305978,-0.3497275451469303,0.1932372742653497
-60.0,-290.0,-0.37365103052650617,0.26055913286527854,-0.33063943554933833,0.1962843948448654
-60.0,-280.0,-0.383378477072972,0.33750832126504005,-0.3113932737763006,0.19870638904393065
-60.0,-270.0,-0.3906307538335059,0.4122293041397298,-0.29197060706003464,0.20050726822984472
-60.0,-260.0,-0.395350801549186,0.48508579872716595,-0.27235336669629834,0.2016770776493741
-60.0,-250.0,-0.39743170597041266,0.5563927571667455,-0.25252386494060797,0.2021922294141335
-60.0,-240.0,-0.39671513190999796,0.6264318842152554,-0.23246503166290278,0.20201487334838897
-60.0,-230.0,-0.39298653672575856,0.695464194841644,-0.21216095277546748,0.20109134769404144
-60.0,-220.0,-0.3859668865428023,0.7637411814534936,-0.19159783072666142,0.19934962066890824
-50.0,-380.0,-0.1749129386019097,-0.6591036151201526,-0.5004867116442907,0.12555099150339166
-50.0,-370.0,-0.22178048099949033,-0.5079645020644907,-0.4819687524010592,0.1376812322321619
-50.0,-360.0,-0.2597300391526218,-0.37949403123429715,-0.46358417730192175,0.1474439234261637
-50.0,-350.0,-0.29171867106480254,-0.26529796690469354,-0.44523276513954196,0.15562064402320624
-50.0,-340.0,-0.3192298498065165,-0.16108279169105,-0.4268591677170392,0.16260765952413386
-50.0,-330.0,-0.3431132239518002,-0.06429827076637062,-0.4084265020255476,0.1686350866313874
-50.0,-320.0,-0.36389035756700294,0.026721284901082942,-0.38990673863020503,0.17384687276668798
-50.0,-310.0,-0.38189011534731,0.11313930060218524,-0.3712764056018555,0.1783362852684965
-50.0,-300.0,-0.39731636032512396,0.19581098546884323,-0.35251438607117735,0.18216368357293675
-50.0,-290.0,-0.4102844530535006,0.2753916060556616,-0.33360067218733,0.18536610131348613
-50.0,-280.0,-0.42084162829171534,0.3524015035764858,-0.3145156112990751,0.18796257672517996
-50.0,-270.0,-0.4289781487729025,0.42726761125412427,-0.2952394385616237,0.18995703176723214
-50.0,-260.0,-0.4346325918122249,0.5003515069016915,-0.275752005583986,0.19133957096327292
-50.0,-250.0,-0.4376929044212867,0.5719695060127172,-0.25603267654141454,0.19208661729292695
-50.0,-240.0,-0.4379939124717631,0.6424080596844188,-0.23606040640657525,0.19216004924843919
-50.0,-230.0,-0.4353113377753377,0.7119365904948403,-0.21581405820633445,0.1915053322508616
-50.0,-220.0,-0.4293518301749466,0.7808193740783818,-0.19527307091950763,0.19004848795416648
-40.0,-380.0,-0.20746308531666635,-0.6395136474268983,-0.5014557199004995,0.11398316094525432
-40.0,-370.0,-0.2538690098562262,-0.4913318215555609,-0.4833105128113498,0.12594025649501478
-40.0,-360.0,-0.2918470233561614,-0.364525797221531,-0.4652399062751869,0.135653343523318
-40.0,-350.0,-0.32411334406796133,-0.2513800836675508,-0.4471679291584129,0.1438431198638873
-40.0,-340.0,-0.3520589516722752,-0.147863588746044,-0.42905055078228244,0.15088281835059997
-40.0,-330.0,-0.3764901814334427,-0.05155081214152579,-0.4108570231865611,0.1569920587108712
-40.0,-320.0,-0.39790588400135074,0.039156837288935264,-0.3925628665105107,0.16230956791591494
-40.0,-310.0,-0.416622201704566,0.1253837756503926,-0.3741466460103376,0.16692599341988404
-40.0,-300.0,-0.4328356120250214,0.20796150267748592,-0.3555882646644622,0.17090051501653347
-40.0,-290.0,-0.4466571031806239,0.2875307059773493,-0.3368679503847292,0.1742698597107131
-40.0,-280.0,-0.45813124032569097,0.3646030796752022,-0.31796559664874147,0.17705332345880959
-40.0,-270.0,-0.4672464665218128,0.4396011236392443,-0.29886030232329064,0.17925545931778855
-40.0,-260.0,-0.4739397220733601,0.5128852946333975,-0.279530040986277,0.1808672335892004
-40.0,-250.0,-0.47809685429326776,0.5847737072462604,-0.25995143607286475,0.1818660245445952
-40.0,-240.0,-0.479549371446093,0.6555575161527734,-0.24009965139669265,0.18221459161984452
-40.0,-230.0,-0.47806744867788775,0.7255140841124041,-0.21994844074351105,0.18185896572481175
-30.0,-380.0,-0.2385666568956637,-0.6246009306907037,-0.5026375991029839,0.10200707802887021
-30.0,-370.0,-0.284829116882112,-0.4785698058358836,-0.48485561309173486,0.11386410520193789
-30.0,-360.0,-0.3230239550359604,-0.3529932308738055,-0.4670985292041703,0.12356764954995655
-30.0,-350.0,-0.3557003839202848,-0.2406287742898865,-0.4493103289890447,0.1317961617944789
-30.0,-340.0,-0.38418414308988047,-0.1376331545825069,-0.4314567655174335,0.13890665746908776
-30.0,-330.0,-0.40925115657823996,-0.041671491726761545,-0.41351259525190004,0.14511145222909977
-30.0,-320.0,-0.43138479228726423,0.04880561173459119,-0.3954566416777557,0.15054582210394016
-30.0,-310.0,-0.4508931189262615,0.13489382743751444,-0.3772694591573044,0.1552989220411882
-30.0,-300.0,-0.46796861838604586,0.21740716566040863,-0.3589320427096155,0.1594295729038463
-30.0,-290.0,-0.482720693868514,0.29697560798288825,-0.3404250126518279,0.16297487769899618
-30.0,-280.0,-0.49519380014155345,0.37410459881720426,-0.3217280320431099,0.16595503426430813
-30.0,-270.0,-0.5053771418365609,0.44921359859795196,-0.3028193440611958,0.16837590344923803
-30.0,-260.0,-0.5132088249984286,0.5226625942602774,-0.2836753748544309,0.17023008459493344
-30.0,-250.0,-0.5185758112420642,0.5947715461388112,-0.26427037896499406,0.17149684195838244
-30.0,-240.0,-0.5213101247605121,0.6658358131400646,-0.2445761271195569,0.1721409830435461
-30.0,-230.0,-0.5211810992494215,0.7361396516522025,-0.2245616600315647,0.17211060642467088
-20.0,-380.0,-0.26828493375044293,-0.6141111861323238,-0.5039994331107638,0.08963577089549044
-20.0,-370.0,-0.314677460630882,-0.46954308496810593,-0.48657677734202326,0.10145461917256958
-20.0,-360.0,-0.35325690132780063,-0.34481193963216183,-0.46913564487646836,0.11118339222356988
-20.0,-350.0,-0.3864634078561606,-0.2329873060732437,-0.45163726012262845,0.11947294785400281
-20.0,-340.0,-0.415580078710871,-0.1303521084508441,-0.43405619195110035,0.12666973683129518
-20.0,-330.0,-0.44136351192435197,-0.034633019554956235,-0.4163723331386273,0.13298150321264973
-20.0,-320.0,-0.46428797377782693,0.0556857258351271,-0.39856771150391584,0.1385416159373469
-20.0,-310.0,-0.4846576571325516,0.14168007931874627,-0.3806249205041023,0.14343873218641395
-20.0,-300.0,-0.502664176240474,0.22415204774079323,-0.36252619717026713,0.1477320424459927
-20.0,-290.0,-0.5184179766496702,0.30372429516900334,-0.3442527838426833,0.1514596342810944
-20.0,-280.0,-0.5319658667585934,0.3808980535194668,-0.325784415345328,0.15464318516540856
-20.0,-270.0,-0.5433003503232732,0.4560908322325843,-0.3070988535583151,0.15729047696274745
-20.0,-260.0,-0.5523635115912715,0.5296625031354503,-0.2881714268018552,0.15939645157588386
-20.0,-250.0,-0.5590467190116251,0.6019345939070102,-0.2689745494355305,0.16094313205587069
-20.0,-240.0,-0.5631865258012081,0.6732057752974661,-0.24947720885894575,0.1618984936926531
-20.0,-230.0,-0.5645564675372658,0.7437656389594962,-0.22964441895646312,0.1622141820006763
-10.0,-380.0,-0.2966451030212678,-0.6078792565517099,-0.5055098669093158,0.07687505744600032
-10.0,-370.0,-0.3434120073971625,-0.46416144896156974,-0.4884470202820763,0.08871024956317573
-10.0,-360.0,-0.3825292190535794,-0.3399250266953775,-0.47132652140471315,0.09849522943032553
-10.0,-350.0,-0.4163762172858465,-0.22841724091201954,-0.4541252710086786,0.10686551469624893
-10.0,-340.0,-0.44621312352245224,-0.12599376435622833,-0.43682612044885766,0.11416190473884066
-10.0,-330.0,-0.47278710534407753,-0.030416996989356182,-0.41941393948634564,0.1205899969505928
-10.0,-320.0,-0.49656912683688614,0.0598092235131773,-0.4018739801327789,0.12628263575107565
-10.0,-310.0,-0.5178633728579596,0.1457493298117183,-0.38419100416625307,0.13132887084615522
-10.0,-300.0,-0.5368635053902298,0.22819831679557412,-0.36634870303624884,0.13578890891254156
-10.0,-290.0,-0.5536834871842917,0.3077745873590261,-0.348329229119618,0.13970235553108176
-10.0,-280.0,-0.5683748261654638,0.3849769457492198,-0.3301127546731488,0.14309286915183997
-10.0,-270.0,-0.5809357687669899,0.4602218192583143,-0.3116770117329056,0.14597068321154838
-10.0,-260.0,-0.5913151195805816,0.5338691004516205,-0.29299678078281544,0.14833369964679907
-10.0,-250.0,-0.5994119084495738,0.6062413600222487,-0.27404330119695347,0.15016747007616488
-10.0,-240.0,-0.6050712456164974,0.6776393844012834,-0.25478357733786955,0.15144414389113198
-10.0,-230.0,-0.6080760190249889,0.748356139131201,-0.23517955331266197,0.15212027380877538
0.0,-390.0,-0.26319277441047073,-0.7841380703326405,-0.5237500000000002,0.04833153732295291
0.0,-380.0,-0.32364659361292025,-0.6058119867527663,-0.5071381578947369,0.06372510342975476
0.0,-370.0,-0.37101466996434085,-0.4623731872239305,-0.4904391891891892,0.07562672614526353
0.0,-360.0,-0.41081307881779106,-0.33829963717997824,-0.4736458333333334,0.08549634241283198
0.0,-350.0,-0.44540387819129346,-0.22689631611424455,-0.45675,0.09396508660135426
0.0,-340.0,-0.47604223559662007,-0.1245426695112446,-0.43974264705882354,0.10137260161256073
0.0,-330.0,-0.5034750874819587,-0.029012811878509126,-0.42261363636363636,0.10792457718010366
0.0,-320.0,-0.5281755295436126,0.06118297840158915,-0.40535156250000004,0.11375460772561514
0.0,-310.0,-0.5504513746357376,0.14710534541045295,-0.3879435483870967,0.1189529455912223
0.0,-300.0,-0.570501073398926,0.22954697787463685,-0.37037500000000007,0.12358138765607053
0.0,-290.0,-0.5884444293761636,0.30912487961307855,-0.3526293103448277,0.12768151583424775
0.0,-280.0,-0.6043398506522918,0.38633706221683584,-0.3346875,0.1312793865911553
0.0,-270.0,-0.6181936214148552,0.46159960705592784,-0.3165277777777779,0.13438811664377814
0.0,-260.0,-0.6299638525014607,0.5352724287475965,-0.298125,0.13700906676202126
0.0,-250.0,-0.6395603252143572,0.6076784630763705,-0.2794500000000002,0.13913194277375696
0.0,-240.0,-0.6468405670230709,0.6791192236600603,-0.2604687500000002,0.14073389880706602
0.0,-230.0,-0.6516018119200823,0.7498888303275413,-0.24114130434782613,0.14177754172445334
10.0,-380.0,-0.3492645375271122,-0.6078792565517099,-0.5088534548899922,0.05018128581970279
10.0,-370.0,-0.397452905771692,-0.46416144896156974,-0.49252560745515006,0.06219747584054791
10.0,-360.0,-0.4380704922404215,-0.3399250266953775,-0.4760674647171064,0.07217872981583047
10.0,-350.0,-0.47350353296336656,-0.22841724091201954,-0.4594860666748451,0.08076233361957678
10.0,-340.0,-0.5050196999304624,-0.12599376435622833,-0.44278062112417615,0.08829111822198674
10.0,-330.0,-0.5333746251816278,-0.030416996989356182,-0.4259461522567736,0.09497302447352846
10.0,-320.0,-0.5590487936974227,0.0598092235131773,-0.4089748003550261,0.1009436113608317
10.0,-310.0,-0.582357137728467,0.1457493298117183,-0.3918562931310444,0.10629508706237151
10.0,-300.0,-0.6035054971467241,0.22819831679557412,-0.3745780450214652,0.1110913506439511
10.0,-290.0,-0.622621689183308,0.3077745873590261,-0.35712504641482395,0.11537634602989402
10.0,-280.0,-0.6397730515241117,0.3849769457492198,-0.33947960201474964,0.11917885641298648
10.0,-270.0,-0.6549760005148502,0.4602218192583143,-0.32162093347257387,0.12251520375949357
10.0,-260.0,-0.6682002996229576,0.5338691004516205,-0.3035246372378641,0.12539056818446528
10.0,-250.0,-0.6793692826961537,0.6062413600222487,-0.2851619703685419,0.12779925921354507
10.0,-240.0,-0.6883564038136744,0.6776393844012834,-0.266498918329375,0.1297240399049967
10.0,-230.0,-0.6949778098080504,0.748356139131201,-0.24749497498922485,0.13113442475217166
20.0,-380.0,-0.3734510569723264,-0.6141111861323238,-0.5106241856737668,0.03623452780156781
20.0,-370.0,-0.42268046138281856,-0.46954308496810593,-0.49467777473372326,0.048413832573880614
20.0,-360.0,-0.46425391181923437,-0.34481193963216183,-0.4785643551235317,0.058533392223569805
20.0,-350.0,-0.5006249726686898,-0.2329873060732437,-0.46230700350633835,0.06724756136091896
20.0,-340.0,-0.5330917241423163,-0.1303521084508441,-0.4459136356351066,0.07490680579681239
20.0,-330.0,-0.5624275514885662,-0.034633019554956235,-0.4293847574377681,0.0817234977231712
20.0,-320.0,-0.5891255937697416,0.0556857258351271,-0.4127163351886912,0.087836363019059
20.0,-310.0,-0.6135113359836583,0.14168007931874627,-0.39590098623164904,0.09334028659055905
20.0,-300.0,-0.6358005037921216,0.22415204774079323,-0.3789284488474321,0.09830173271147934
20.0,-290.0,-0.6561309552517592,0.30372429516900334,-0.3617856776957784,0.10276732658878672
20.0,-280.0,-0.674580796329174,0.3808980535194668,-0.3444567014059412,0.10676881968317503
20.0,-270.0,-0.6911784256391537,0.4560908322325843,-0.3269222924171284,0.11032594763123323
20.0,-260.0,-0.7059072941308275,0.5296625031354503,-0.30915945555108615,0.11344792216411918
20.0,-250.0,-0.7187066904360995,0.6019345939070102,-0.2911407128856144,0.11613391107017909
20.0,-240.0,-0.7294689895780905,0.6732057752974661,-0.27283313596864084,0.1183726316236876
20.0,-230.0,-0.738033144889236,0.7437656389594962,-0.2541970444581713,0.120141011268969
30.0,-380.0,-0.3961345788739512,-0.6246009306907037,-0.512417459396672,0.02187115235784472
30.0,-370.0,-0.4466373151925731,-0.4785698058358836,-0.49686608502147284,0.034265048598164344
30.0,-360.0,-0.48930641881284287,-0.3529932308738055,-0.4811083673475539,0.044550408170646164
30.0,-350.0,-0.5267109712766942,-0.2406287742898865,-0.46518521396071233,0.053410829541642474
30.0,-340.0,-0.5601988901453621,-0.1376331545825069,-0.44911404993321036,0.06120923257638387
30.0,-330.0,-0.5905709309797301,-0.041671491726761545,-0.43290133917432955,0.06816473091762436
30.0,-320.0,-0.6183383546044431,0.04880561173459119,-0.41654723053908854,0.074420459083611
30.0,-310.0,-0.6438406692914352,0.13489382743751444,-0.400047551151974,0.08007469523706454
30.0,-300.0,-0.6673059233683697,0.21740716566040863,-0.38339468996365206,0.08519689963651954
30.0,-290.0,-0.6888839109139143,0.29697560798288825,-0.3665779285246426,0.08983664240487857
30.0,-280.0,-0.7086651454398246,0.37410459881720426,-0.3495834433667264,0.09402880475611142
30.0,-270.0,-0.7266915841843521,0.44921359859795196,-0.3323940705729506,0.09779663515655514
30.0,-260.0,-0.7429620358322266,0.5226625942602774,-0.3149888587222117,0.101153442259167
30.0,-250.0,-0.757433663278741,0.5947715461388112,-0.29734239706024257,0.104103308835354
30.0,-240.0,-0.7700201138540348,0.6658358131400646,-0.2794238728804433,0.1066409830435461
30.0,-230.0,-0.7805861735612455,0.7361396516522025,-0.2611957749126733,0.10875094099716162
40.0,-380.0,-0.41721696277713405,-0.6395136474268983,-0.5141983896885415,0.007072202041144749
40.0,-370.0,-0.4692487515218675,-0.4913318215555609,-0.4990595232897333,0.019738090430032825
40.0,-360.0,-0.5131614657039527,-0.364525797221531,-0.48367015470042285,0.0302188923038058
40.0,-350.0,-0.5516973583553775,-0.2513800836675508,-0.4680919419133035,0.03924199174140536
40.0,-340.0,-0.5862764408060036,-0.147863588746044,-0.4523530328354652,0.047188279101453165
40.0,-330.0,-0.6177375185936481,-0.05155081214152579,-0.4364665062252037,0.05428617635792989
40.0,-320.0,-0.6466158730948736,0.039156837288935264,-0.42043713348948936,0.06068456791591501
40.0,-310.0,-0.6732686570761552,0.1253837756503926,-0.40426430588321416,0.06648587059490967
40.0,-300.0,-0.6979386766183694,0.20796150267748592,-0.3879433947241841,0.07176296043138064
40.0,-290.0,-0.720789451800999,0.2875307059773493,-0.3714663553328904,0.07656857616345511
40.0,-280.0,-0.7419253495340188,0.3646030796752022,-0.3548219033512585,0.08094082345880957
40.0,-270.0,-0.7614031772986176,0.4396011236392443,-0.33799540237469605,0.08490646602919796
40.0,-260.0,-0.7792383788638902,0.5128852946333975,-0.3209685139270181,0.08848284052561653
40.0,-250.0,-0.7954073786660703,0.5847737072462604,-0.3037186107290073,0.09167881705629563
40.0,-240.0,-0.8098467262753465,0.6555575161527734,-0.28621791617087494,0.09449499702524991
40.0,-230.0,-0.8224490777237659,0.7255140841124041,-0.26843229320144324,0.09692318590829788
50.0,-380.0,-0.43656773075002353,-0.6591036151201526,-0.5159292175592494,-0.008187946549705628
50.0,-370.0,-0.49042336490542726,-0.5079645020644907,-0.5012252935099881,0.004817171973912224
50.0,-360.0,-0.5357420864676607,-0.37949403123429715,-0.4862190021076166,0.015526815174838915
50.0,-350.0,-0.5755127802731302,-0.26529796690469354,-0.470997234860458,0.024730644023206197
50.0,-340.0,-0.6112543652290671,-0.16108279169105,-0.4556006121305477,0.03283416248772411
50.0,-330.0,-0.643856079966069,-0.06429827076637062,-0.4400497098236449,0.04007808483605532
50.0,-320.0,-0.6738838414148848,0.026721284901082942,-0.42435446251374176,0.046618560087946265
50.0,-310.0,-0.7017163616637484,0.11313930060218524,-0.408518219144595,0.052562958696488325
50.0,-300.0,-0.7276137151543774,0.19581098546884323,-0.3925396679828768,0.05798800789726107
50.0,-290.0,-0.751754876004066,0.2753916060556616,-0.3764137619928087,0.06294981955828977
50.0,-280.0,-0.7742593404317885,0.3524015035764858,-0.36013210192713024,0.06748977079192903
50.0,-270.0,-0.7951997832978707,0.42726761125412427,-0.34368297523147984,0.07163806624999074
50.0,-260.0,-0.8146091676496561,0.5003515069016915,-0.3270511327897659,0.07541589050678223
50.0,-250.0,-0.8324840241210483,0.5719695060127172,-0.3102173234585854,0.07883661729292692
50.0,-240.0,-0.8487846908512978,0.6424080596844188,-0.2931575636433417,0.0819063054880398
50.0,-230.0,-0.8634327049029806,0.7119365904948403,-0.2758420789777811,0.08462356329779303
50.0,-220.0,-0.8763050324562126,0.7808193740783818,-0.25823380530839024,0.08697874335691694
60.0,-380.0,-0.45401389043599916,-0.68374373013835,-0.5175680468368495,-0.023944036699952605
60.0,-370.0,-0.5100496047362288,-0.5286591266184599,-0.5033283136553365,-0.010517065792091515
60.0,-360.0,-0.5569594185942159,-0.39801520269594337,-0.48872260823713615,0.0004606494228169566
60.0,-350.0,-0.5980780675646812,-0.2824606773505933,-0.47386987955827703,0.00986596408994845
60.0,-340.0,-0.6350572286442923,-0.17734502457322998,-0.4588257136824355,0.018137377533801697
60.0,-330.0,-0.6688515304874304,-0.07995167601273145,-0.44361936596035306,0.025531512781941303
60.0,-320.0,-0.7000652321438613,0.011473451733707396,-0.4282666063280903,0.03221356708314829
60.0,-310.0,-0.7291030000425196,0.098144818962981,-0.41277518711886824,0.038296800114152346
60.0,-300.0,-0.7562448666838594,0.18094858650305978,-0.39714745485307007,0.0438622742653497
60.0,-290.0,-0.7816869897116032,0.26055913286527854,-0.3813816590914829,0.04896968560883343
60.0,-280.0,-0.805565143518465,0.33750832126504005,-0.3654725798822361,0.05366370611710127
60.0,-270.0,-0.8279686455813895,0.4122293041397298,-0.34941174588114204,0.05797785646513893
60.0,-260.0,-0.8489484976569575,0.48508579872716595,-0.3331873636407804,0.06193690911004825
60.0,-250.0,-0.8685216674121392,0.5563927571667455,-0.31678400192777334,0.06555834136572199
60.0,-240.0,-0.8866724581637261,0.6264318842152554,-0.30018202716062653,0.06885310864250664
60.0,-230.0,-0.9033513179673952,0.695464194841644,-0.2833567463395768,0.07182586096837776
60.0,-220.0,-0.918470984844653,0.7637411814534936,-0.2662771692733387,0.07447462066890824
70.0,-380.0,-0.4693223070171644,-0.7139759275346035,-0.5190668602261617,-0.04024418734369363
70.0,-370.0,-0.5279901629962116,-0.5536796534085131,-0.5053304802325848,-0.026288890199195267
70.0,-360.0,-0.5767102783950889,-0.42024745990216394,-0.491146763731892,-0.014995215093127356
70.0,-350.0,-0.619305081510556,-0.302972637878697,-0.4766772828084798,-0.005363585957601088
70.0,-340.0,-0.6576036700639473,-0.19672250494784516,-0.4619961698176087,0.003088539114098978
70.0,-330.0,-0.6926448374372415,-0.09856159905625006,-0.4471429611785174,0.0106382455558674
70.0,-320.0,-0.7250804979893263,-0.00662132594054432,-0.4321401161331905,0.017461959466013297
70.0,-310.0,-0.7553463980025908,0.08037827832665068,-0.4170003116273533,0.023679951492564726
70.0,-300.0,-0.7837455356000897,0.16336295473225526,-0.40172991153091103,0.02937819227533285
70.0,-290.0,-0.8104930704322083,0.24303159914898753,-0.38633074046202603,0.03462021048553575
70.0,-280.0,-0.8357421406490967,0.3199310831368902,-0.37080100026767976,0.039454001070718475
70.0,-270.0,-0.8595992943151313,0.3945030468220585,-0.3551356958908904,0.0439162555791483
70.0,-260.0,-0.8821337817407938,0.46711479792152044,-0.3393267390363384,0.04803503070639945
70.0,-250.0,-0.9033828888808468,0.5380807998373247,-0.3233628025452624,0.051831437661651394
70.0,-240.0,-0.9233544344226849,0.6076784630763705,-0.30722894397665207,0.05532066506280668
70.0,-230.0,-0.9420269431192473,0.676160533386962,-0.29090597738728613,0.05851249712965418
70.0,-220.0,-0.9593475872370273,0.7437656389594962,-0.27436953365237987,0.06141139147890774
80.0,-380.0,-0.48216822482907906,-0.750600533962937,-0.520368158784736,-0.05715749577250439
80.0,-370.0,-0.5440729538129967,-0.5833889993086131,-0.5071895420923371,-0.04252961782294093
80.0,-360.0,-0.5948733654396753,-0.4464016089917855,-0.4934548597298214,-0.03085938121580378
80.0,-350.0,-0.6390948459096367,-0.32697101804886985,-0.4793852608557443,-0.020970733756118704
80.0,-340.0,-0.6788054585644802,-0.21930963208283316,-0.46507867173222067,-0.012321895138062644
80.0,-330.0,-0.7151526124088826,-0.1201943814324502,-0.450587121049788,-0.004609375669624711
80.0,-320.0,-0.7488475294949105,-0.027609198843197902,-0.43594087149355687,0.002357235974227194
80.0,-310.0,-0.7803632360452138,0.0598092235131773,-0.4211581589377689,0.008706615883854482
80.0,-300.0,-0.810029208031202,0.14303669935072572,-0.4062497615505755,0.014530355814657923
80.0,-290.0,-0.8380816316602588,0.22280318791971965,-0.39122134867059805,0.019896138930917743
80.0,-280.0,-0.8646921172923148,0.2996748277496364,-0.3760747421675163,0.024855347586307062
80.0,-270.0,-0.8899849198413149,0.37410459881720426,-0.3608085812183738,0.029447711612011433
80.0,-260.0,-0.9140475167850562,0.4464653476233962,-0.3454186194264358,0.03370426313591642
80.0,-250.0,-0.9369370370176939,0.5170724014225021,-0.32989776214659,0.03764925670809373
80.0,-240.0,-0.9586838598053435,0.5861998405800755,-0.31423588787955004,0.041301413638650045
80.0,-230.0,-0.9792930575129112,0.654092878289148,-0.2984194568333727,0.04467468839594608
80.0,-220.0,-0.9987439493499968,0.7209779432930734,-0.282430876031456,0.04777865908650387
90.0,-370.0,-0.558076351244744,-0.6182913667844819,-0.5088572989053205,-0.05928110450034904
90.0,-360.0,-0.6113033852168265,-0.4767586370357413,-0.49560712392917555,-0.04715483761663131
90.0,-350.0,-0.6573346625297409,-0.35463504958273084,-0.4819576858109221,-0.03697011073530334
90.0,-340.0,-0.6985659499935791,-0.245228762314738,-0.46803863330151785,-0.028104051972043857
90.0,-330.0,-0.7362862963169219,-0.14493612770834385,-0.45391761650525314,-0.020218739480738664
90.0,-320.0,-0.7712813011332041,-0.05155081214152579,-0.4396341978302376,-0.013106185492488634
90.0,-310.0,-0.8040690304536474,0.0363963596106327,-0.42521297715016143,-0.006627523149444585
90.0,-300.0,-0.8350097093752201,0.11994428166677684,-0.41066961330525137,-0.0006846223158288752
90.0,-290.0,-0.8643629360612841,0.19986201613608712,-0.3960139012228306,0.004794792829120695
90.0,-280.0,-0.8923200354250713,0.27674020274643674,-0.38125145166413915,0.00986562739954374
90.0,-270.0,-0.919023429117982,0.3510467180481216,-0.366384632168011,0.014570563170699359
90.0,-260.0,-0.9445786663338664,0.42316246321498774,-0.3514130762948154,0.01894333151835528
90.0,-250.0,-0.9690620004944612,0.49340549439456716,-0.33633391156780484,0.023010865466124356
90.0,-240.0,-0.9925250576323197,0.5620480411298852,-0.32114177833097585,0.026794742215935315
90.0,-230.0,-1.0149974339188397,0.6293290875158393,-0.30582866708349343,0.030312149213372067
90.0,-220.0,-1.0364876455190428,0.695464194841644,-0.290383570836799,0.03357650648995263
100.0,-370.0,-0.569704058301671,-0.6591036151201526,-0.5102765767114189,-0.07660166616775012
100.0,-360.0,-0.6258218520826561,-0.5116964287101697,-0.49755941327036146,-0.06391111222669892
100.0,-350.0,-0.6738937273099855,-0.3861994034939915,-0.4843559119799841,-0.053379308070055836
100.0,-340.0,-0.7167777075830616,-0.2746381606417203,-0.47083992201511904,-0.044269265148595395
100.0,-330.0,-0.7559508008356826,-0.17289802083518424,-0.4570992773259072,-0.036197384824506317
100.0,-320.0,-0.7922931164043917,-0.0785251915825258,-0.44318491056161263,-0.028933286202839668
100.0,-310.0,-0.8263777834975633,0.010084491625084624,-0.4291288489513051,-0.022325568250954463
100.0,-300.0,-0.8586011598347553,0.09404944236534218,-0.4149522148527748,-0.01626835544167591
100.0,-290.0,-0.8892492074009463,0.17418783964181594,-0.40066925068843295,-0.010684173003544488
100.0,-280.0,-0.9185344825337296,0.25112130301168145,-0.3862895183125483,-0.005514348724864817
100.0,-270.0,-0.9466181320965915,0.32533702124015074,-0.37181916473873694,-0.0007132552054104338
100.0,-260.0,-0.9736235994743894,0.3972271193065606,-0.3572616653072397,0.0037553297988228563
100.0,-250.0,-0.9996454271722394,0.46711479792152044,-0.34261824788442435,0.007920619711060424
100.0,-240.0,-1.0247549722012224,0.5352724287475965,-0.32788810260077744,0.011806446241865729
110.0,-370.0,-0.5785396380394777,-0.7068837293467927,-0.5113758252482682,-0.0945767696194618
110.0,-360.0,-0.638202303269252,-0.5517320299883381,-0.4992612591982507,-0.08116769716936151
110.0,-350.0,-0.6886164430392135,-0.4219738594552338,-0.48653785967083174,-0.07022044650189915
110.0,-340.0,-0.7333189195712897,-0.30774312734401343,-0.4734443933147036,-0.06083096611818899
110.0,-330.0,-0.7740424083703726,-0.20422348033017945,-0.4600957727290148,-0.052553590903864855
110.0,-320.0,-0.8117893309983129,-0.10863480693266414,-0.44655725640191146,-0.04512889046716677
110.0,-310.0,-0.847201220889922,-0.019199341224041877,-0.4328697548353645,-0.038389781827609167
110.0,-300.0,-0.8807175673125295,0.06530205050843829,-0.41906062238668496,-0.03222102985449581
110.0,-290.0,-0.9126544925577209,0.1457493298117183,-0.4051489541712165,-0.02653912082133871
110.0,-280.0,-0.9432477548821423,0.22280318791971965,-0.3911484497259397,-0.02128121887942635
110.0,-270.0,-0.9726780201222421,0.29697560798288825,-0.3770690712570229,-0.016398643278216524
110.0,-260.0,-1.0010865506504496,0.36867387522278516,-0.3629180504954621,-0.01185278973799862
110.0,-250.0,-1.0285853575838078,0.4382293535787136,-0.34870051681279374,-0.007612461789105339
120.0,-370.0,-0.5839566997558922,-0.7632840287852446,-0.5120586017344443,-0.11334014465213013
120.0,-360.0,-0.6481454851048765,-0.5975919212953404,-0.5006525830672663,-0.09897975079820091
120.0,-350.0,-0.7013120247935943,-0.4623731872239305,-0.4884565496044536,-0.08752256365367689
120.0,-340.0,-0.748048021027562,-0.34481193963216183,-0.47581113074119,-0.07780596289996179
120.0,-330.0,-0.7904456302321413,-0.23909798063443333,-0.46286920323817043,-0.0692971910950314
120.0,-320.0,-0.8296693814275393,-0.14201226961429558,-0.44971471469395624,-0.06169826081611685
120.0,-310.0,-0.8664475076871708,-0.05155081214152579,-0.43639951867561094,-0.05482207675467183
120.0,-300.0,-0.9012719841753946,0.033634200183279006,-0.4229582585019244,-0.04854185374518929
120.0,-290.0,-0.9344941216062524,0.11450080998284218,-0.40941542978242185,-0.04276687802581407
120.0,-280.0,-0.9663755376123796,0.19175900711307658,-0.3957891216645828,-0.03742954944930693
120.0,-270.0,-0.9971176104851182,0.2659524076693911,-0.38209316605525123,-0.032477876375684875
120.0,-260.0,-1.0268795858662563,0.33750832126504005,-0.36833845244739893,-0.027870853030635943
130.0,-360.0,-0.6552350827247101,-0.6503368176189196,-0.5016578639552831,-0.11742822289306237
130.0,-350.0,-0.7117378072532184,-0.5079645020644907,-0.4900577143454814,-0.10532538445447331
130.0,-340.0,-0.7607955180930474,-0.3861994034939915,-0.47789523274379064,-0.09521631436239397
130.0,-330.0,-0.8050285472382144,-0.27776284879353463,-0.465379420593672,-0.08644070156990978
130.0,-320.0,-0.8458228603718777,-0.1788293760487738,-0.45261960832249,-0.07864788720617871
130.0,-310.0,-0.8840192883240124,-0.08709475483559537,-0.4396816012733659,-0.07162464311735847
130.0,-300.0,-0.9201751303441245,-0.0010447098027350776,-0.4266088344177104,-0.06522961288220681
130.0,-290.0,-0.954683702984915,0.08037827832665068,-0.4134319790193988,-0.05936327757211062
130.0,-280.0,-0.9878361426240662,0.15794661892875705,-0.4001738852328415,-0.05395240103695679
130.0,-270.0,-1.019856337573032,0.23224417187030344,-0.3868523694405464,-0.04894123270040385
140.0,-360.0,-0.65885169095042,-0.7116037959541336,-0.5021749170332599,-0.13663949905733183
140.0,-350.0,-0.7195711347053467,-0.5595464722462851,-0.49127575996996187,-0.1236856000750955
140.0,-340.0,-0.771351233420216,-0.4323830063489873,-0.4796458695863117,-0.11309217386181449
140.0,-330.0,-0.817635845156512,-0.3205352441103635,-0.46758294308936216,-0.1040009198607891
140.0,-320.0,-0.8601252329659704,-0.21930963208283316,-0.45523245012154995,-0.09598654257931452
140.0,-310.0,-0.8998108196302238,-0.12599376435622833,-0.44267869573846513,-0.08880074515054157
140.0,-300.0,-0.9373333428627907,-0.03885431650268689,-0.42997610505823797,-0.08228334630377566
140.0,-290.0,-0.9731375677548006,0.04329445313663882,-0.4171626529794014,-0.07632379025695432
140.0,-280.0,-1.00754925439271,0.12130452144022996,-0.4042665152594877,-0.07084196948102478
140.0,-270.0,-1.0408174691184082,0.19581098546884323,-0.3913097190007038,-0.06577768478435694
150.0,-360.0,-0.6579838941102322,-0.7841380703326405,-0.5020505912780588,-0.15682858093265883
150.0,-350.0,-0.7243588150216265,-0.6182913667844819,-0.4920265326582928,-0.14268809046398354
150.0,-340.0,-0.7794436103861541,-0.48402110984942404,-0.4810030961082125,-0.13147631548805178
150.0,-330.0,-0.828078177886041,-0.3678381561436117,-0.4694312413491733,-0.12200126903181885
150.0,-320.0,-0.8724315298631503,-0.2637461281070643,-0.4575109080826083,-0.1137267294237692
150.0,-310.0,-0.9137038345266352,-0.16845998216426183,-0.4453520570196836,-0.10635574882598726
150.0,-300.0,-0.9526456396957584,-0.07995167601273145,-0.4330234149008825,-0.09970317019823526
150.0,-290.0,-0.9897665351257008,0.0031324389229494543,-0.4205719355149678,-0.0936442580043958
150.0,-280.0,-1.0254341096722288,0.08174682280729506,-0.4080319833630728,-0.0880902977222643
160.0,-350.0,-0.7254176109851809,-0.686024622512629,-0.4921932104162098,-0.16246797721454112
160.0,-340.0,-0.7847042464855635,-0.5420523762281113,-0.4818923873403773,-0.1504318019016983
160.0,-330.0,-0.8361153527069133,-0.42024745990216394,-0.47086798783965095,-0.14047540008072
160.0,-320.0,-0.8825668804976855,-0.312527966723692,-0.4594081937166945,-0.1318867375666113
160.0,-310.0,-0.9255615451117786,-0.21477174793401899,-0.4476604587672115,-0.12429848613852801
160.0,-300.0,-0.9659995618503482,-0.1245426695112446,-0.43571297169310824,-0.1174913030754222
160.0,-290.0,-1.004474799394849,-0.04026260402234527,-0.42362420533742634,-0.11132175282591485
160.0,-280.0,-1.041406992794635,0.039156837288935264,-0.4114360339579575,-0.1056900655735744
170.0,-350.0,-0.7216112276640997,-0.7658519946692808,-0.4915950900082247,-0.18326010880659643
170.0,-340.0,-0.7866024292749961,-0.6078792565517099,-0.4822146154828082,-0.17005606315203078
170.0,-330.0,-0.8414284348923344,-0.4785698058358836,-0.47182448178834585,-0.15947306476379933
170.0,-320.0,-0.8903118416419213,-0.3661809982799218,-0.46087052538006945,-0.1504937169316341
170.0,-310.0,-0.9352197798580869,-0.26529796690469354,-0.4495585985255573,-0.14264314386516025
170.0,-300.0,-0.9772652431834739,-0.17289802083518424,-0.4380047470637983,-0.13565338753447356
170.0,-290.0,-1.01715561587566,-0.08709475483559537,-0.42628291766244775,-0.12935561104641266
180.0,-340.0,-0.784311245265253,-0.68374373013835,-0.4818257621321704,-0.19050967152812268
180.0,-330.0,-0.8435703605562864,-0.5439806136963621,-0.4722115884282371,-0.17907042121489875
180.0,-320.0,-0.8953786153128508,-0.425433847214983,-0.4618330060357775,-0.16958854482528452
180.0,-310.0,-0.9424734651484268,-0.3205352441103635,-0.4509946344445218,-0.1614120184566569
180.0,-300.0,-0.9862867721639886,-0.22537659575566993,-0.4398548331325225,-0.15420027811246248
180.0,-290.0,-1.027685251883165,-0.1376331545825069,-0.42850940689539935,-0.14774873333518992
190.0,-340.0,-0.7763896495676769,-0.7736211054078085,-0.48048936016791616,-0.21208482917320276
190.0,-330.0,-0.8418704604530718,-0.6182913667844819,-0.47190429768901,-0.1993899040138248
190.0,-320.0,-0.8973701186495103,-0.4913318215555609,-0.46221256414608874,-0.18923410249079795
190.0,-310.0,-0.9470550828114769,-0.3811672661105492,-0.4519062592766119,-0.18063978749605447
190.0,-300.0,-0.9928691872644428,-0.2824606773505933,-0.4412129519345435,-0.1731506022086156
190.0,-290.0,-1.0359142920485693,-0.19223497111669952,-0.43026114060431847,-0.16650931170919833
200.0,-330.0,-0.8352256308255849,-0.7045356052256996,-0.47070833575486026,-0.2206437460044805
200.0,-320.0,-0.8957036999845919,-0.5654498953559277,-0.46189491529443627,-0.20953063552890208
200.0,-310.0,-0.9485983088923234,-0.44816553071781073,-0.45221411719542426,-0.20038061834709248
200.0,-300.0,-0.9967580101210848,-0.34481193963216183,-0.44201855123531664,-0.1925346731470251
200.0,-290.0,-1.0416546846091057,-0.2513800836675508,-0.43148912133122325,-0.1856532740697263
210.0,-320.0,-0.8894525718584386,-0.6503368176189196,-0.46070775450691953,-0.2306477074180274
210.0,-310.0,-0.9465718463653757,-0.5229735494781975,-0.45180994078618847,-0.22072103979181715
210.0,-300.0,-0.9976051427089009,-0.41336547494445597,-0.4421943585399111,-0.21240091637155561
210.0,-290.0,-1.0446595261051081,-0.3157259505412475,-0.4321338687558282,-0.20520799076576113
220.0,-320.0,-0.8769593445288405,-0.750600533962937,-0.45835618665802386,-0.25290236486105633
220.0,-310.0,-0.9401462118145522,-0.6078792565517099,-0.4505329279950528,-0.2418058741887893
220.0,-300.0,-0.9949077210715421,-0.4894995471168522,-0.4416349510620784,-0.23282733946080217
220.0,-290.0,-1.044589627301375,-0.3861994034939915,-0.4321188554125688,-0.22521832695615948
230.0,-310.0,-0.9278840360559573,-0.7068837293467927,-0.44811543814875826,-0.26389875727776063
230.0,-300.0,-0.9878873142070256,-0.5753727461754508,-0.4401844292238956,-0.25394422275144063
230.0,-290.0,-1.0409540145649765,-0.46416144896156974,-0.43133897146844874,-0.24575738380065168
240.0,-300.0,-0.9752165558026122,-0.674690000870365,-0.43758644498700483,-0.275985693766244
240.0,-290.0,-1.0329934229690134,-0.5517320299883381,-0.42963820188709245,-0.26694758938643004
250.0,-290.0,-1.019419840544158,-0.6525193137905719,-0.42676025750821006,-0.2890081012904763
260.0,-290.0,-0.9977040919154682,-0.7736211054078085,-0.42221490107702,-0.31238530264486236
270.0,-280.0,-1.0375543958636642,-0.7632840287852446,-0.41061148873396025,-0.3262640116833006
